day,timestamp,product,trade_count,total_quantity,signed_qty_proxy,mean_price_vs_mid
-1,0,ASH_COATED_OSMIUM,1,6,-6.0,-9.0
-1,3600,ASH_COATED_OSMIUM,1,3,3.0,8.0
-1,4200,ASH_COATED_OSMIUM,1,2,2.0,8.0
-1,4400,INTARIAN_PEPPER_ROOT,1,5,5.0,6.0
-1,5000,INTARIAN_PEPPER_ROOT,1,5,-5.0,-7.5
-1,9100,ASH_COATED_OSMIUM,1,4,-4.0,-5.0
-1,9600,ASH_COATED_OSMIUM,1,6,-6.0,-8.0
-1,10000,ASH_COATED_OSMIUM,1,8,-8.0,-9.5
-1,12100,ASH_COATED_OSMIUM,1,5,-5.0,-9.5
-1,15100,ASH_COATED_OSMIUM,2,10,10.0,9.5
-1,17400,INTARIAN_PEPPER_ROOT,1,3,3.0,1.5
-1,18500,ASH_COATED_OSMIUM,1,6,6.0,8.0
-1,23000,INTARIAN_PEPPER_ROOT,1,4,-4.0,-7.5
-1,23100,INTARIAN_PEPPER_ROOT,1,4,4.0,2.5
-1,23900,ASH_COATED_OSMIUM,1,4,-4.0,-8.0
-1,24300,ASH_COATED_OSMIUM,1,4,-4.0,-8.0
-1,24600,ASH_COATED_OSMIUM,1,3,-3.0,-8.0
-1,30400,ASH_COATED_OSMIUM,1,2,2.0,8.0
-1,30400,INTARIAN_PEPPER_ROOT,1,6,6.0,6.0
-1,32800,ASH_COATED_OSMIUM,1,4,-4.0,-8.0
-1,33300,INTARIAN_PEPPER_ROOT,1,7,-7.0,-1.5
-1,34000,ASH_COATED_OSMIUM,1,7,7.0,8.0
-1,34400,INTARIAN_PEPPER_ROOT,1,3,3.0,8.5
-1,34500,ASH_COATED_OSMIUM,1,8,-8.0,-8.0
-1,35700,INTARIAN_PEPPER_ROOT,2,10,4.0,0.0
-1,35800,INTARIAN_PEPPER_ROOT,1,7,7.0,1.0
-1,36500,ASH_COATED_OSMIUM,1,3,0.0,0.0
-1,37900,ASH_COATED_OSMIUM,1,4,-4.0,-8.0
-1,38400,ASH_COATED_OSMIUM,1,3,3.0,8.0
-1,39100,ASH_COATED_OSMIUM,1,6,6.0,8.0
-1,39900,ASH_COATED_OSMIUM,1,7,7.0,10.5
-1,41500,ASH_COATED_OSMIUM,1,5,5.0,8.0
-1,42800,INTARIAN_PEPPER_ROOT,1,5,5.0,7.5
-1,44700,INTARIAN_PEPPER_ROOT,1,8,8.0,1.0
-1,50900,ASH_COATED_OSMIUM,1,5,-5.0,-9.5
-1,51400,INTARIAN_PEPPER_ROOT,1,4,-4.0,-6.0
-1,54600,ASH_COATED_OSMIUM,1,6,-6.0,-9.5
-1,57000,INTARIAN_PEPPER_ROOT,1,4,4.0,7.5
-1,58400,ASH_COATED_OSMIUM,1,3,-3.0,-8.0
-1,59500,ASH_COATED_OSMIUM,1,2,2.0,8.0
-1,61700,INTARIAN_PEPPER_ROOT,1,6,6.0,6.0
-1,62000,ASH_COATED_OSMIUM,1,6,6.0,8.0
-1,63700,ASH_COATED_OSMIUM,1,2,-2.0,-8.0
-1,64300,INTARIAN_PEPPER_ROOT,1,3,3.0,1.0
-1,64900,ASH_COATED_OSMIUM,1,4,4.0,8.0
-1,65300,ASH_COATED_OSMIUM,1,2,-2.0,-8.0
-1,67600,INTARIAN_PEPPER_ROOT,1,4,-4.0,-2.0
-1,71500,INTARIAN_PEPPER_ROOT,1,4,4.0,1.5
-1,73700,INTARIAN_PEPPER_ROOT,1,4,-4.0,-7.5
-1,76300,ASH_COATED_OSMIUM,1,6,-6.0,-8.0
-1,76500,ASH_COATED_OSMIUM,1,8,8.0,9.5
-1,77200,INTARIAN_PEPPER_ROOT,1,3,-3.0,-6.0
-1,80200,INTARIAN_PEPPER_ROOT,1,5,-5.0,-6.0
-1,83000,INTARIAN_PEPPER_ROOT,1,6,-6.0,-1.5
-1,83700,ASH_COATED_OSMIUM,1,2,2.0,8.0
-1,84400,INTARIAN_PEPPER_ROOT,1,5,-5.0,-3.0
-1,84600,INTARIAN_PEPPER_ROOT,1,6,6.0,6.0
-1,84800,INTARIAN_PEPPER_ROOT,1,5,-5.0,-1.5
-1,85500,ASH_COATED_OSMIUM,1,7,-7.0,-8.0
-1,85700,ASH_COATED_OSMIUM,1,3,3.0,8.0
-1,85900,ASH_COATED_OSMIUM,1,5,-5.0,-8.0
-1,87400,INTARIAN_PEPPER_ROOT,1,3,-3.0,-7.5
-1,87900,ASH_COATED_OSMIUM,1,5,-5.0,-9.0
-1,88300,ASH_COATED_OSMIUM,1,2,2.0,8.0
-1,90200,ASH_COATED_OSMIUM,1,10,10.0,8.0
-1,90700,ASH_COATED_OSMIUM,1,2,2.0,9.5
-1,90800,ASH_COATED_OSMIUM,1,6,-6.0,-9.0
-1,91700,INTARIAN_PEPPER_ROOT,1,8,8.0,1.0
-1,92500,INTARIAN_PEPPER_ROOT,1,7,7.0,7.5
-1,95100,INTARIAN_PEPPER_ROOT,1,8,8.0,1.0
-1,95900,ASH_COATED_OSMIUM,1,3,3.0,9.0
-1,96900,ASH_COATED_OSMIUM,2,14,14.0,9.5
-1,97200,INTARIAN_PEPPER_ROOT,1,7,7.0,6.0
-1,105900,ASH_COATED_OSMIUM,1,5,5.0,9.5
-1,107000,INTARIAN_PEPPER_ROOT,1,7,7.0,6.0
-1,107200,ASH_COATED_OSMIUM,1,3,-3.0,-8.0
-1,108800,INTARIAN_PEPPER_ROOT,1,3,-3.0,-3.0
-1,109800,INTARIAN_PEPPER_ROOT,1,4,4.0,6.0
-1,111600,ASH_COATED_OSMIUM,1,5,-5.0,-8.0
-1,114700,ASH_COATED_OSMIUM,1,3,-3.0,-8.0
-1,116100,ASH_COATED_OSMIUM,1,8,-8.0,-8.0
-1,117500,INTARIAN_PEPPER_ROOT,1,6,-6.0,-6.5
-1,122000,ASH_COATED_OSMIUM,1,10,10.0,8.0
-1,122300,ASH_COATED_OSMIUM,1,5,5.0,8.0
-1,122400,INTARIAN_PEPPER_ROOT,1,7,7.0,7.0
-1,124500,ASH_COATED_OSMIUM,1,2,-2.0,-8.0
-1,126400,ASH_COATED_OSMIUM,1,6,-6.0,-8.0
-1,126500,ASH_COATED_OSMIUM,1,6,-6.0,-9.0
-1,127800,ASH_COATED_OSMIUM,1,2,2.0,9.0
-1,127800,INTARIAN_PEPPER_ROOT,1,3,-3.0,-7.5
-1,129500,INTARIAN_PEPPER_ROOT,1,3,3.0,6.5
-1,130300,ASH_COATED_OSMIUM,1,2,2.0,8.0
-1,131100,INTARIAN_PEPPER_ROOT,1,4,4.0,6.0
-1,131400,ASH_COATED_OSMIUM,1,2,2.0,8.0
-1,132300,INTARIAN_PEPPER_ROOT,1,3,-3.0,-6.0
-1,134400,INTARIAN_PEPPER_ROOT,1,4,4.0,7.0
-1,137700,ASH_COATED_OSMIUM,1,3,3.0,9.0
-1,138000,INTARIAN_PEPPER_ROOT,1,4,-4.0,-7.5
-1,139400,ASH_COATED_OSMIUM,2,11,-11.0,-8.0
-1,141900,INTARIAN_PEPPER_ROOT,1,4,-4.0,-6.0
-1,142000,ASH_COATED_OSMIUM,1,2,-2.0,-8.0
-1,142200,ASH_COATED_OSMIUM,1,6,-6.0,-8.0
-1,146700,ASH_COATED_OSMIUM,1,6,6.0,8.0
-1,148200,INTARIAN_PEPPER_ROOT,1,7,-7.0,-6.0
-1,149500,ASH_COATED_OSMIUM,1,9,9.0,5.5
-1,153200,ASH_COATED_OSMIUM,1,5,-5.0,-8.0
-1,154600,ASH_COATED_OSMIUM,1,2,-2.0,-8.0
-1,155300,ASH_COATED_OSMIUM,1,10,10.0,8.0
-1,155500,ASH_COATED_OSMIUM,1,6,6.0,9.0
-1,155700,ASH_COATED_OSMIUM,1,7,7.0,9.0
-1,155800,ASH_COATED_OSMIUM,1,5,-5.0,-4.5
-1,158200,ASH_COATED_OSMIUM,1,5,-5.0,-8.0
-1,164200,INTARIAN_PEPPER_ROOT,1,7,7.0,1.0
-1,165300,ASH_COATED_OSMIUM,1,5,-5.0,-9.0
-1,172700,ASH_COATED_OSMIUM,1,4,4.0,5.5
-1,173100,ASH_COATED_OSMIUM,1,2,2.0,5.0
-1,177700,ASH_COATED_OSMIUM,1,10,-10.0,-9.0
-1,177900,INTARIAN_PEPPER_ROOT,1,5,-5.0,-6.0
-1,181600,ASH_COATED_OSMIUM,1,2,-2.0,-9.5
-1,182700,ASH_COATED_OSMIUM,1,5,-5.0,-8.0
-1,184800,ASH_COATED_OSMIUM,1,4,-4.0,-8.0
-1,185500,INTARIAN_PEPPER_ROOT,1,5,-5.0,-2.0
-1,185900,ASH_COATED_OSMIUM,1,10,-10.0,-8.0
-1,186800,ASH_COATED_OSMIUM,1,4,-4.0,-8.0
-1,189700,INTARIAN_PEPPER_ROOT,1,6,6.0,1.0
-1,190400,ASH_COATED_OSMIUM,1,3,3.0,8.0
-1,191800,INTARIAN_PEPPER_ROOT,1,4,-4.0,-6.0
-1,192600,ASH_COATED_OSMIUM,1,8,-8.0,-8.0
-1,192900,ASH_COATED_OSMIUM,1,10,0.0,0.0
-1,194900,INTARIAN_PEPPER_ROOT,1,6,6.0,1.0
-1,197300,ASH_COATED_OSMIUM,1,9,-9.0,-8.0
-1,198600,INTARIAN_PEPPER_ROOT,1,5,-5.0,-6.0
-1,199400,INTARIAN_PEPPER_ROOT,1,5,5.0,6.0
-1,200100,ASH_COATED_OSMIUM,1,6,-6.0,-8.0
-1,200300,ASH_COATED_OSMIUM,1,10,-10.0,-9.5
-1,200400,ASH_COATED_OSMIUM,1,2,2.0,8.0
-1,200600,ASH_COATED_OSMIUM,1,2,2.0,8.0
-1,200700,ASH_COATED_OSMIUM,1,8,8.0,8.0
-1,201700,ASH_COATED_OSMIUM,1,4,-4.0,-8.0
-1,204000,INTARIAN_PEPPER_ROOT,1,7,7.0,6.0
-1,204600,INTARIAN_PEPPER_ROOT,1,5,-5.0,-6.5
-1,205600,ASH_COATED_OSMIUM,1,2,-2.0,-8.0
-1,206600,ASH_COATED_OSMIUM,1,7,-7.0,-8.0
-1,207500,INTARIAN_PEPPER_ROOT,1,3,3.0,6.5
-1,208900,ASH_COATED_OSMIUM,1,10,-10.0,-8.0
-1,210000,ASH_COATED_OSMIUM,1,4,-4.0,-9.5
-1,211400,INTARIAN_PEPPER_ROOT,1,7,7.0,3.0
-1,212100,INTARIAN_PEPPER_ROOT,1,4,-4.0,-1.5
-1,212700,ASH_COATED_OSMIUM,1,6,-6.0,-3.0
-1,212900,INTARIAN_PEPPER_ROOT,1,5,5.0,2.5
-1,215000,INTARIAN_PEPPER_ROOT,1,7,7.0,6.0
-1,217000,INTARIAN_PEPPER_ROOT,1,5,5.0,6.0
-1,217500,INTARIAN_PEPPER_ROOT,1,6,6.0,6.5
-1,220600,INTARIAN_PEPPER_ROOT,1,4,4.0,1.5
-1,224300,INTARIAN_PEPPER_ROOT,1,3,3.0,6.0
-1,224800,ASH_COATED_OSMIUM,1,5,5.0,8.0
-1,225000,INTARIAN_PEPPER_ROOT,1,7,-7.0,-6.0
-1,226200,ASH_COATED_OSMIUM,1,6,-6.0,-8.0
-1,227600,ASH_COATED_OSMIUM,1,5,-5.0,-9.0
-1,228000,ASH_COATED_OSMIUM,1,5,-5.0,-8.0
-1,229200,ASH_COATED_OSMIUM,1,2,2.0,6.0
-1,229600,ASH_COATED_OSMIUM,1,5,5.0,8.0
-1,234600,INTARIAN_PEPPER_ROOT,1,4,4.0,6.5
-1,235600,ASH_COATED_OSMIUM,1,8,-8.0,-9.0
-1,236100,ASH_COATED_OSMIUM,1,4,-4.0,-10.5
-1,236500,ASH_COATED_OSMIUM,1,2,-2.0,-8.0
-1,236600,ASH_COATED_OSMIUM,1,4,-4.0,-10.5
-1,237000,ASH_COATED_OSMIUM,1,5,5.0,6.5
-1,237100,ASH_COATED_OSMIUM,1,3,-3.0,-9.0
-1,237500,INTARIAN_PEPPER_ROOT,1,4,4.0,7.5
-1,239700,INTARIAN_PEPPER_ROOT,1,7,7.0,6.0
-1,241700,ASH_COATED_OSMIUM,1,7,-7.0,-9.0
-1,242000,INTARIAN_PEPPER_ROOT,1,7,7.0,7.5
-1,242800,ASH_COATED_OSMIUM,1,5,5.0,8.0
-1,243200,ASH_COATED_OSMIUM,1,6,6.0,8.0
-1,243700,ASH_COATED_OSMIUM,1,6,6.0,9.0
-1,246200,ASH_COATED_OSMIUM,1,9,-9.0,-8.0
-1,247600,ASH_COATED_OSMIUM,1,6,-6.0,-9.0
-1,248700,INTARIAN_PEPPER_ROOT,1,4,-4.0,-6.0
-1,251700,ASH_COATED_OSMIUM,1,4,-4.0,-8.0
-1,252300,ASH_COATED_OSMIUM,1,5,5.0,8.0
-1,252400,ASH_COATED_OSMIUM,1,7,7.0,10.5
-1,258300,ASH_COATED_OSMIUM,1,9,9.0,8.0
-1,258400,ASH_COATED_OSMIUM,1,4,4.0,9.0
-1,259400,ASH_COATED_OSMIUM,1,8,-8.0,-9.0
-1,260100,INTARIAN_PEPPER_ROOT,1,5,5.0,6.0
-1,260500,ASH_COATED_OSMIUM,1,7,7.0,9.0
-1,260600,ASH_COATED_OSMIUM,1,2,2.0,8.0
-1,261300,ASH_COATED_OSMIUM,1,2,-2.0,-8.0
-1,264100,INTARIAN_PEPPER_ROOT,1,7,-7.0,-7.5
-1,265000,ASH_COATED_OSMIUM,1,8,-8.0,-8.0
-1,265100,INTARIAN_PEPPER_ROOT,1,6,6.0,1.0
-1,267000,ASH_COATED_OSMIUM,1,9,-9.0,-9.5
-1,267500,INTARIAN_PEPPER_ROOT,1,3,-3.0,-6.5
-1,268800,ASH_COATED_OSMIUM,1,6,6.0,8.0
-1,269400,ASH_COATED_OSMIUM,1,4,-4.0,-8.0
-1,270400,ASH_COATED_OSMIUM,1,2,2.0,8.0
-1,270700,INTARIAN_PEPPER_ROOT,1,6,6.0,4.5
-1,271800,ASH_COATED_OSMIUM,1,5,5.0,8.0
-1,272800,ASH_COATED_OSMIUM,1,6,6.0,8.0
-1,280900,ASH_COATED_OSMIUM,1,2,-2.0,-10.5
-1,282500,ASH_COATED_OSMIUM,1,4,-4.0,-8.0
-1,282700,ASH_COATED_OSMIUM,1,6,6.0,9.0
-1,291400,ASH_COATED_OSMIUM,1,3,-3.0,-8.0
-1,294100,INTARIAN_PEPPER_ROOT,1,3,3.0,7.5
-1,297000,ASH_COATED_OSMIUM,1,9,9.0,8.0
-1,297300,ASH_COATED_OSMIUM,1,3,3.0,8.0
-1,299500,ASH_COATED_OSMIUM,1,2,-2.0,-8.0
-1,300000,INTARIAN_PEPPER_ROOT,1,7,7.0,6.0
-1,301400,INTARIAN_PEPPER_ROOT,1,7,7.0,6.5
-1,301600,ASH_COATED_OSMIUM,1,9,-9.0,-7.5
-1,306000,INTARIAN_PEPPER_ROOT,1,5,-5.0,-1.5
-1,306200,ASH_COATED_OSMIUM,1,6,-6.0,-8.0
-1,306500,ASH_COATED_OSMIUM,1,5,5.0,9.5
-1,307600,ASH_COATED_OSMIUM,1,5,-5.0,-8.0
-1,310000,ASH_COATED_OSMIUM,1,9,9.0,8.0
-1,310900,ASH_COATED_OSMIUM,1,6,6.0,9.0
-1,311200,INTARIAN_PEPPER_ROOT,1,3,-3.0,-1.0
-1,311700,INTARIAN_PEPPER_ROOT,1,6,-6.0,-1.5
-1,313100,ASH_COATED_OSMIUM,1,2,-2.0,-8.0
-1,313600,ASH_COATED_OSMIUM,1,3,0.0,0.0
-1,314400,INTARIAN_PEPPER_ROOT,1,6,6.0,7.5
-1,320900,ASH_COATED_OSMIUM,1,6,6.0,8.0
-1,323200,INTARIAN_PEPPER_ROOT,1,5,-5.0,-1.5
-1,323500,ASH_COATED_OSMIUM,1,6,-6.0,-8.0
-1,324600,ASH_COATED_OSMIUM,1,2,-2.0,-9.0
-1,325000,ASH_COATED_OSMIUM,1,5,5.0,8.0
-1,327400,INTARIAN_PEPPER_ROOT,1,6,-6.0,-6.5
-1,327600,INTARIAN_PEPPER_ROOT,1,3,3.0,2.0
-1,329000,ASH_COATED_OSMIUM,1,9,-9.0,-8.0
-1,329800,ASH_COATED_OSMIUM,1,4,4.0,8.0
-1,330600,ASH_COATED_OSMIUM,1,2,0.0,0.0
-1,331500,INTARIAN_PEPPER_ROOT,1,3,-3.0,-6.5
-1,331800,ASH_COATED_OSMIUM,1,8,8.0,8.0
-1,332800,ASH_COATED_OSMIUM,1,5,5.0,8.0
-1,333200,INTARIAN_PEPPER_ROOT,1,7,7.0,6.0
-1,334400,INTARIAN_PEPPER_ROOT,1,3,3.0,6.5
-1,334700,INTARIAN_PEPPER_ROOT,1,3,-3.0,-6.0
-1,335300,INTARIAN_PEPPER_ROOT,1,3,3.0,7.5
-1,335400,INTARIAN_PEPPER_ROOT,1,6,-6.0,-2.0
-1,335800,ASH_COATED_OSMIUM,1,6,-6.0,-8.0
-1,336000,ASH_COATED_OSMIUM,1,6,-6.0,-9.5
-1,336400,ASH_COATED_OSMIUM,1,9,9.0,8.0
-1,336500,INTARIAN_PEPPER_ROOT,1,6,6.0,6.5
-1,336800,ASH_COATED_OSMIUM,1,4,-4.0,-8.0
-1,337200,ASH_COATED_OSMIUM,1,6,-6.0,-8.0
-1,337300,ASH_COATED_OSMIUM,1,7,-7.0,-8.0
-1,340700,ASH_COATED_OSMIUM,1,2,2.0,8.0
-1,341200,ASH_COATED_OSMIUM,1,2,-2.0,-9.5
-1,342400,ASH_COATED_OSMIUM,1,5,-5.0,-9.0
-1,344000,INTARIAN_PEPPER_ROOT,1,3,3.0,1.0
-1,344200,ASH_COATED_OSMIUM,1,4,-4.0,-8.0
-1,345800,ASH_COATED_OSMIUM,1,3,-3.0,-8.0
-1,346200,ASH_COATED_OSMIUM,1,4,-4.0,-8.0
-1,349400,ASH_COATED_OSMIUM,1,4,4.0,4.5
-1,350400,ASH_COATED_OSMIUM,1,5,5.0,9.5
-1,350900,INTARIAN_PEPPER_ROOT,1,4,4.0,7.5
-1,351800,ASH_COATED_OSMIUM,1,5,5.0,9.0
-1,351900,INTARIAN_PEPPER_ROOT,1,7,-7.0,-6.0
-1,352500,INTARIAN_PEPPER_ROOT,1,6,6.0,6.5
-1,353000,ASH_COATED_OSMIUM,1,5,-5.0,-9.0
-1,354000,INTARIAN_PEPPER_ROOT,1,6,6.0,6.0
-1,356700,ASH_COATED_OSMIUM,1,9,9.0,9.0
-1,356800,INTARIAN_PEPPER_ROOT,1,6,-6.0,-7.5
-1,357500,ASH_COATED_OSMIUM,1,3,-3.0,-8.0
-1,358000,INTARIAN_PEPPER_ROOT,1,3,0.0,0.0
-1,358400,ASH_COATED_OSMIUM,1,3,3.0,8.0
-1,358400,INTARIAN_PEPPER_ROOT,1,5,-5.0,-2.0
-1,359300,ASH_COATED_OSMIUM,1,4,-4.0,-8.0
-1,360000,INTARIAN_PEPPER_ROOT,1,7,-7.0,-1.5
-1,360800,INTARIAN_PEPPER_ROOT,1,5,5.0,6.0
-1,361400,ASH_COATED_OSMIUM,1,6,-6.0,-8.0
-1,361600,INTARIAN_PEPPER_ROOT,1,5,5.0,1.5
-1,363200,ASH_COATED_OSMIUM,1,2,2.0,3.5
-1,365300,ASH_COATED_OSMIUM,1,3,-3.0,-8.0
-1,365400,INTARIAN_PEPPER_ROOT,1,7,7.0,1.0
-1,367300,INTARIAN_PEPPER_ROOT,1,5,-5.0,-6.0
-1,370900,INTARIAN_PEPPER_ROOT,1,4,4.0,7.5
-1,371200,INTARIAN_PEPPER_ROOT,1,3,-3.0,-7.5
-1,372300,INTARIAN_PEPPER_ROOT,1,6,6.0,2.5
-1,374600,INTARIAN_PEPPER_ROOT,1,3,3.0,6.5
-1,375300,ASH_COATED_OSMIUM,1,4,-4.0,-9.5
-1,375400,ASH_COATED_OSMIUM,1,3,3.0,8.0
-1,376700,INTARIAN_PEPPER_ROOT,1,7,7.0,1.0
-1,377400,ASH_COATED_OSMIUM,1,4,-4.0,-9.5
-1,380800,INTARIAN_PEPPER_ROOT,1,3,3.0,6.0
-1,380900,ASH_COATED_OSMIUM,1,8,-8.0,-8.0
-1,381000,ASH_COATED_OSMIUM,1,2,2.0,8.0
-1,383000,ASH_COATED_OSMIUM,1,6,6.0,8.0
-1,384000,ASH_COATED_OSMIUM,1,4,0.0,0.0
-1,389800,ASH_COATED_OSMIUM,1,10,10.0,8.0
-1,389900,ASH_COATED_OSMIUM,1,7,-7.0,-8.0
-1,390400,ASH_COATED_OSMIUM,1,9,-9.0,-8.0
-1,391100,ASH_COATED_OSMIUM,1,4,-4.0,-8.0
-1,392300,ASH_COATED_OSMIUM,1,5,5.0,9.5
-1,399100,INTARIAN_PEPPER_ROOT,1,3,-3.0,-6.0
-1,401000,INTARIAN_PEPPER_ROOT,1,8,8.0,1.0
-1,401700,ASH_COATED_OSMIUM,1,9,9.0,8.0
-1,402400,ASH_COATED_OSMIUM,1,5,-5.0,-10.5
-1,405200,ASH_COATED_OSMIUM,1,2,-2.0,-8.0
-1,407400,ASH_COATED_OSMIUM,1,8,8.0,8.0
-1,412600,ASH_COATED_OSMIUM,1,4,-4.0,-8.0
-1,414000,ASH_COATED_OSMIUM,1,6,6.0,6.5
-1,415200,INTARIAN_PEPPER_ROOT,1,6,6.0,6.0
-1,415800,ASH_COATED_OSMIUM,1,6,0.0,0.0
-1,416100,ASH_COATED_OSMIUM,1,2,-2.0,-8.0
-1,417100,INTARIAN_PEPPER_ROOT,1,5,5.0,6.0
-1,419000,INTARIAN_PEPPER_ROOT,1,6,-6.0,-7.5
-1,419200,INTARIAN_PEPPER_ROOT,1,4,4.0,6.0
-1,420300,INTARIAN_PEPPER_ROOT,1,7,-7.0,-6.5
-1,423300,INTARIAN_PEPPER_ROOT,1,6,-6.0,-7.5
-1,424700,ASH_COATED_OSMIUM,1,6,-6.0,-8.0
-1,424900,INTARIAN_PEPPER_ROOT,1,7,7.0,6.0
-1,425200,ASH_COATED_OSMIUM,1,6,6.0,8.0
-1,425800,ASH_COATED_OSMIUM,1,7,-7.0,-8.0
-1,427600,INTARIAN_PEPPER_ROOT,1,7,0.0,0.0
-1,430100,ASH_COATED_OSMIUM,1,4,4.0,8.0
-1,432800,ASH_COATED_OSMIUM,1,6,-6.0,-9.0
-1,433700,ASH_COATED_OSMIUM,1,6,-6.0,-8.0
-1,435400,ASH_COATED_OSMIUM,1,3,-3.0,-8.0
-1,436100,INTARIAN_PEPPER_ROOT,1,5,-5.0,-3.0
-1,437600,INTARIAN_PEPPER_ROOT,1,3,-3.0,-8.0
-1,439100,ASH_COATED_OSMIUM,1,5,5.0,9.0
-1,439800,ASH_COATED_OSMIUM,1,7,7.0,8.0
-1,440300,ASH_COATED_OSMIUM,1,3,3.0,8.0
-1,440700,ASH_COATED_OSMIUM,1,2,-2.0,-9.5
-1,440800,INTARIAN_PEPPER_ROOT,1,4,-4.0,-6.0
-1,441300,INTARIAN_PEPPER_ROOT,1,5,-5.0,-6.5
-1,442100,ASH_COATED_OSMIUM,1,4,4.0,5.0
-1,442700,ASH_COATED_OSMIUM,1,6,6.0,9.5
-1,443000,ASH_COATED_OSMIUM,1,4,4.0,9.0
-1,444200,ASH_COATED_OSMIUM,1,10,10.0,8.0
-1,445000,ASH_COATED_OSMIUM,1,8,8.0,9.0
-1,447800,INTARIAN_PEPPER_ROOT,1,5,5.0,7.5
-1,449100,ASH_COATED_OSMIUM,1,8,-8.0,-8.0
-1,450800,ASH_COATED_OSMIUM,1,3,-3.0,-6.5
-1,451800,ASH_COATED_OSMIUM,1,5,-5.0,-8.0
-1,452300,ASH_COATED_OSMIUM,1,7,7.0,8.0
-1,453000,INTARIAN_PEPPER_ROOT,1,3,-3.0,-1.5
-1,453400,ASH_COATED_OSMIUM,1,6,-6.0,-8.0
-1,453800,INTARIAN_PEPPER_ROOT,1,7,7.0,1.0
-1,456000,ASH_COATED_OSMIUM,1,4,4.0,8.0
-1,456100,INTARIAN_PEPPER_ROOT,1,6,-6.0,-6.0
-1,457000,INTARIAN_PEPPER_ROOT,1,6,-6.0,-7.5
-1,457300,INTARIAN_PEPPER_ROOT,1,4,4.0,6.5
-1,458400,ASH_COATED_OSMIUM,1,6,6.0,10.5
-1,459600,INTARIAN_PEPPER_ROOT,1,6,-6.0,-7.5
-1,461900,INTARIAN_PEPPER_ROOT,1,5,5.0,7.5
-1,463900,ASH_COATED_OSMIUM,1,6,6.0,8.0
-1,464300,INTARIAN_PEPPER_ROOT,1,3,3.0,7.5
-1,465500,ASH_COATED_OSMIUM,1,6,6.0,8.0
-1,466000,INTARIAN_PEPPER_ROOT,1,3,3.0,1.0
-1,467300,INTARIAN_PEPPER_ROOT,1,3,-3.0,-6.5
-1,467800,ASH_COATED_OSMIUM,1,5,5.0,3.5
-1,468100,ASH_COATED_OSMIUM,1,8,-8.0,-10.5
-1,469000,INTARIAN_PEPPER_ROOT,1,6,-6.0,-6.0
-1,471900,ASH_COATED_OSMIUM,1,6,6.0,8.0
-1,472200,ASH_COATED_OSMIUM,1,3,-3.0,-8.0
-1,473000,INTARIAN_PEPPER_ROOT,1,4,-4.0,-3.0
-1,473600,INTARIAN_PEPPER_ROOT,1,5,-5.0,-8.0
-1,476400,ASH_COATED_OSMIUM,1,5,5.0,8.0
-1,477200,ASH_COATED_OSMIUM,1,6,-6.0,-9.5
-1,477600,INTARIAN_PEPPER_ROOT,1,5,5.0,8.0
-1,478500,ASH_COATED_OSMIUM,1,3,-3.0,-8.0
-1,478600,ASH_COATED_OSMIUM,1,6,-6.0,-8.0
-1,479600,ASH_COATED_OSMIUM,1,2,-2.0,-9.5
-1,480500,INTARIAN_PEPPER_ROOT,1,3,3.0,1.5
-1,482100,INTARIAN_PEPPER_ROOT,1,5,-5.0,-6.0
-1,482600,ASH_COATED_OSMIUM,1,5,-5.0,-8.0
-1,482700,ASH_COATED_OSMIUM,1,5,-5.0,-9.0
-1,486700,INTARIAN_PEPPER_ROOT,1,8,8.0,2.5
-1,487200,ASH_COATED_OSMIUM,1,3,3.0,10.5
-1,487500,ASH_COATED_OSMIUM,1,4,-4.0,-8.0
-1,487700,ASH_COATED_OSMIUM,1,5,-5.0,-8.0
-1,489400,INTARIAN_PEPPER_ROOT,1,3,-3.0,-8.0
-1,489700,ASH_COATED_OSMIUM,1,7,7.0,8.0
-1,490300,INTARIAN_PEPPER_ROOT,1,5,-5.0,-6.5
-1,493800,INTARIAN_PEPPER_ROOT,1,4,-4.0,-7.5
-1,494300,ASH_COATED_OSMIUM,1,3,3.0,8.0
-1,495800,INTARIAN_PEPPER_ROOT,1,4,-4.0,-7.5
-1,498900,ASH_COATED_OSMIUM,1,8,-8.0,-9.5
-1,500000,ASH_COATED_OSMIUM,1,4,-4.0,-8.0
-1,500000,INTARIAN_PEPPER_ROOT,1,3,-3.0,-1.5
-1,502100,ASH_COATED_OSMIUM,1,4,-4.0,-8.0
-1,502700,ASH_COATED_OSMIUM,1,2,2.0,9.0
-1,503100,ASH_COATED_OSMIUM,1,3,3.0,3.0
-1,503300,INTARIAN_PEPPER_ROOT,1,6,-6.0,-6.5
-1,507800,INTARIAN_PEPPER_ROOT,1,3,-3.0,-6.0
-1,509700,INTARIAN_PEPPER_ROOT,1,7,-7.0,-6.5
-1,511000,ASH_COATED_OSMIUM,1,4,-4.0,-8.0
-1,511700,ASH_COATED_OSMIUM,1,6,6.0,8.0
-1,512500,ASH_COATED_OSMIUM,1,4,0.0,0.0
-1,512800,ASH_COATED_OSMIUM,1,7,-7.0,-8.0
-1,512800,INTARIAN_PEPPER_ROOT,1,5,5.0,7.5
-1,514300,ASH_COATED_OSMIUM,1,5,-5.0,-8.0
-1,516100,ASH_COATED_OSMIUM,1,5,5.0,8.0
-1,517200,ASH_COATED_OSMIUM,1,5,5.0,8.0
-1,519200,INTARIAN_PEPPER_ROOT,1,7,7.0,6.0
-1,520700,INTARIAN_PEPPER_ROOT,1,5,-5.0,-8.0
-1,521600,INTARIAN_PEPPER_ROOT,1,5,-5.0,-6.5
-1,521800,ASH_COATED_OSMIUM,1,4,-4.0,-8.0
-1,522500,ASH_COATED_OSMIUM,1,5,5.0,8.0
-1,525700,ASH_COATED_OSMIUM,1,4,-4.0,-9.5
-1,531600,INTARIAN_PEPPER_ROOT,1,4,-4.0,-8.0
-1,532300,ASH_COATED_OSMIUM,1,3,-3.0,-9.5
-1,536100,ASH_COATED_OSMIUM,1,6,-6.0,-8.0
-1,536700,INTARIAN_PEPPER_ROOT,1,3,3.0,6.5
-1,537200,ASH_COATED_OSMIUM,1,3,3.0,9.5
-1,539900,INTARIAN_PEPPER_ROOT,1,6,-6.0,-6.0
-1,540100,ASH_COATED_OSMIUM,1,2,2.0,8.0
-1,545100,INTARIAN_PEPPER_ROOT,1,7,7.0,7.5
-1,547300,ASH_COATED_OSMIUM,1,9,-9.0,-9.0
-1,552900,ASH_COATED_OSMIUM,1,10,-10.0,-8.0
-1,554400,ASH_COATED_OSMIUM,1,10,-10.0,-9.0
-1,555700,INTARIAN_PEPPER_ROOT,1,7,7.0,1.5
-1,556000,INTARIAN_PEPPER_ROOT,1,3,-3.0,-7.5
-1,556700,ASH_COATED_OSMIUM,1,2,-2.0,-8.0
-1,556700,INTARIAN_PEPPER_ROOT,1,8,8.0,1.5
-1,556800,INTARIAN_PEPPER_ROOT,1,3,3.0,7.5
-1,557700,ASH_COATED_OSMIUM,1,8,-8.0,-8.0
-1,558800,INTARIAN_PEPPER_ROOT,1,8,-8.0,-1.5
-1,560300,ASH_COATED_OSMIUM,1,6,6.0,9.0
-1,561300,INTARIAN_PEPPER_ROOT,1,3,3.0,1.0
-1,564900,INTARIAN_PEPPER_ROOT,1,6,6.0,1.0
-1,566100,INTARIAN_PEPPER_ROOT,1,3,3.0,1.0
-1,566600,ASH_COATED_OSMIUM,1,7,7.0,8.0
-1,566700,INTARIAN_PEPPER_ROOT,1,3,-3.0,-7.5
-1,567300,ASH_COATED_OSMIUM,1,10,-10.0,-9.0
-1,570000,INTARIAN_PEPPER_ROOT,1,5,5.0,6.0
-1,573200,ASH_COATED_OSMIUM,1,2,0.0,0.0
-1,573500,INTARIAN_PEPPER_ROOT,1,5,5.0,1.5
-1,574100,ASH_COATED_OSMIUM,1,5,5.0,8.0
-1,574200,ASH_COATED_OSMIUM,1,2,-2.0,-8.0
-1,574500,ASH_COATED_OSMIUM,1,3,-3.0,-8.0
-1,576400,INTARIAN_PEPPER_ROOT,1,5,5.0,8.0
-1,579400,INTARIAN_PEPPER_ROOT,1,7,7.0,6.5
-1,579600,INTARIAN_PEPPER_ROOT,1,7,7.0,6.5
-1,580100,INTARIAN_PEPPER_ROOT,1,7,-7.0,-7.5
-1,581500,ASH_COATED_OSMIUM,1,2,2.0,8.0
-1,582100,INTARIAN_PEPPER_ROOT,1,5,-5.0,-4.0
-1,583900,ASH_COATED_OSMIUM,1,7,7.0,9.5
-1,584000,ASH_COATED_OSMIUM,1,8,8.0,9.0
-1,584200,INTARIAN_PEPPER_ROOT,1,4,4.0,6.0
-1,585100,INTARIAN_PEPPER_ROOT,1,5,-5.0,-6.0
-1,589400,INTARIAN_PEPPER_ROOT,1,3,3.0,2.5
-1,590200,INTARIAN_PEPPER_ROOT,1,3,3.0,7.5
-1,590300,ASH_COATED_OSMIUM,1,3,3.0,4.5
-1,593600,INTARIAN_PEPPER_ROOT,1,3,3.0,6.5
-1,595000,ASH_COATED_OSMIUM,1,2,2.0,8.0
-1,600300,INTARIAN_PEPPER_ROOT,1,6,-6.0,-6.5
-1,600600,ASH_COATED_OSMIUM,1,6,-6.0,-8.0
-1,603100,ASH_COATED_OSMIUM,1,3,-3.0,-8.0
-1,605700,INTARIAN_PEPPER_ROOT,1,3,-3.0,-8.0
-1,607400,ASH_COATED_OSMIUM,1,3,-3.0,-8.0
-1,607800,ASH_COATED_OSMIUM,1,5,5.0,9.5
-1,610300,INTARIAN_PEPPER_ROOT,1,5,-5.0,-6.5
-1,611600,ASH_COATED_OSMIUM,1,6,-6.0,-9.0
-1,611900,ASH_COATED_OSMIUM,1,5,-5.0,-9.5
-1,612000,ASH_COATED_OSMIUM,1,2,2.0,4.5
-1,612300,INTARIAN_PEPPER_ROOT,1,8,8.0,2.5
-1,615600,ASH_COATED_OSMIUM,1,5,5.0,8.0
-1,619300,INTARIAN_PEPPER_ROOT,1,7,7.0,6.5
-1,620700,ASH_COATED_OSMIUM,1,8,8.0,8.0
-1,622900,ASH_COATED_OSMIUM,1,4,4.0,9.5
-1,623200,INTARIAN_PEPPER_ROOT,1,6,6.0,8.0
-1,624500,ASH_COATED_OSMIUM,1,6,-6.0,-8.0
-1,628900,ASH_COATED_OSMIUM,1,6,6.0,9.5
-1,629000,INTARIAN_PEPPER_ROOT,1,4,-4.0,-6.0
-1,630900,INTARIAN_PEPPER_ROOT,1,6,-6.0,-6.0
-1,632300,ASH_COATED_OSMIUM,1,5,5.0,9.5
-1,634200,ASH_COATED_OSMIUM,1,2,-2.0,-9.0
-1,634300,INTARIAN_PEPPER_ROOT,1,6,6.0,6.5
-1,634400,INTARIAN_PEPPER_ROOT,1,5,-5.0,-2.0
-1,636300,INTARIAN_PEPPER_ROOT,1,5,-5.0,-6.5
-1,636900,INTARIAN_PEPPER_ROOT,1,6,6.0,6.0
-1,638800,INTARIAN_PEPPER_ROOT,1,4,4.0,6.5
-1,639100,ASH_COATED_OSMIUM,1,8,8.0,9.5
-1,639100,INTARIAN_PEPPER_ROOT,1,3,-3.0,-7.5
-1,639800,INTARIAN_PEPPER_ROOT,1,4,0.0,0.0
-1,640000,INTARIAN_PEPPER_ROOT,1,6,6.0,6.0
-1,640600,ASH_COATED_OSMIUM,1,3,-3.0,-5.5
-1,642000,ASH_COATED_OSMIUM,1,5,5.0,9.0
-1,642100,INTARIAN_PEPPER_ROOT,1,4,4.0,6.0
-1,642900,ASH_COATED_OSMIUM,1,6,0.0,0.0
-1,642900,INTARIAN_PEPPER_ROOT,1,5,-5.0,-6.0
-1,644300,ASH_COATED_OSMIUM,1,6,6.0,9.0
-1,645600,ASH_COATED_OSMIUM,1,2,-2.0,-8.0
-1,645700,ASH_COATED_OSMIUM,1,8,8.0,8.0
-1,647500,ASH_COATED_OSMIUM,1,5,5.0,8.0
-1,650200,INTARIAN_PEPPER_ROOT,1,6,6.0,6.5
-1,650600,ASH_COATED_OSMIUM,1,4,-4.0,-9.5
-1,653000,INTARIAN_PEPPER_ROOT,1,6,6.0,7.5
-1,653900,ASH_COATED_OSMIUM,1,6,-6.0,-8.0
-1,654800,ASH_COATED_OSMIUM,1,6,-6.0,-8.0
-1,656100,ASH_COATED_OSMIUM,1,3,-3.0,-8.0
-1,656400,INTARIAN_PEPPER_ROOT,1,6,6.0,6.5
-1,656900,ASH_COATED_OSMIUM,1,10,-10.0,-9.0
-1,658200,ASH_COATED_OSMIUM,1,3,-3.0,-8.0
-1,658400,ASH_COATED_OSMIUM,1,9,9.0,8.0
-1,658500,ASH_COATED_OSMIUM,1,2,2.0,10.5
-1,660400,ASH_COATED_OSMIUM,1,4,4.0,9.0
-1,660400,INTARIAN_PEPPER_ROOT,1,3,-3.0,-6.5
-1,662600,INTARIAN_PEPPER_ROOT,1,6,-6.0,-3.0
-1,665900,INTARIAN_PEPPER_ROOT,1,4,4.0,7.5
-1,666600,ASH_COATED_OSMIUM,1,4,-4.0,-9.5
-1,667000,ASH_COATED_OSMIUM,1,5,-5.0,-5.0
-1,668200,ASH_COATED_OSMIUM,1,2,2.0,8.0
-1,668200,INTARIAN_PEPPER_ROOT,1,4,4.0,6.5
-1,669800,INTARIAN_PEPPER_ROOT,1,7,7.0,6.5
-1,672200,INTARIAN_PEPPER_ROOT,1,3,-3.0,-6.5
-1,673600,ASH_COATED_OSMIUM,1,10,-10.0,-8.0
-1,673600,INTARIAN_PEPPER_ROOT,1,6,-6.0,-1.5
-1,677000,ASH_COATED_OSMIUM,1,4,-4.0,-8.0
-1,677300,ASH_COATED_OSMIUM,1,2,-2.0,-8.0
-1,677500,INTARIAN_PEPPER_ROOT,1,4,0.0,0.0
-1,677800,INTARIAN_PEPPER_ROOT,1,3,-3.0,-8.0
-1,679400,ASH_COATED_OSMIUM,1,5,0.0,0.0
-1,681200,ASH_COATED_OSMIUM,1,9,9.0,8.0
-1,681700,INTARIAN_PEPPER_ROOT,1,7,7.0,6.5
-1,681900,ASH_COATED_OSMIUM,1,9,-9.0,-8.0
-1,682900,INTARIAN_PEPPER_ROOT,1,4,4.0,7.5
-1,683100,ASH_COATED_OSMIUM,1,4,4.0,8.0
-1,685400,ASH_COATED_OSMIUM,1,7,7.0,9.0
-1,687300,INTARIAN_PEPPER_ROOT,1,4,-4.0,-6.5
-1,688000,INTARIAN_PEPPER_ROOT,1,3,3.0,6.0
-1,689500,ASH_COATED_OSMIUM,1,6,6.0,8.0
-1,689900,INTARIAN_PEPPER_ROOT,1,6,6.0,7.5
-1,690200,INTARIAN_PEPPER_ROOT,1,3,-3.0,-6.5
-1,690300,INTARIAN_PEPPER_ROOT,1,3,3.0,8.0
-1,690500,ASH_COATED_OSMIUM,1,5,-5.0,-8.0
-1,690600,INTARIAN_PEPPER_ROOT,1,5,-5.0,-1.5
-1,691000,ASH_COATED_OSMIUM,1,4,-4.0,-9.0
-1,691600,INTARIAN_PEPPER_ROOT,1,7,-7.0,-8.0
-1,692000,INTARIAN_PEPPER_ROOT,1,4,-4.0,-7.5
-1,699900,ASH_COATED_OSMIUM,2,10,10.0,5.5
-1,700500,ASH_COATED_OSMIUM,1,6,6.0,8.0
-1,700600,ASH_COATED_OSMIUM,1,3,-3.0,-8.0
-1,701000,INTARIAN_PEPPER_ROOT,1,4,4.0,1.0
-1,701900,INTARIAN_PEPPER_ROOT,1,7,7.0,7.5
-1,702800,INTARIAN_PEPPER_ROOT,1,5,-5.0,-6.5
-1,703300,ASH_COATED_OSMIUM,1,4,-4.0,-9.5
-1,704100,ASH_COATED_OSMIUM,1,2,-2.0,-8.0
-1,705400,ASH_COATED_OSMIUM,1,7,-7.0,-8.0
-1,708000,ASH_COATED_OSMIUM,1,5,-5.0,-8.0
-1,708600,INTARIAN_PEPPER_ROOT,1,4,4.0,6.5
-1,708900,ASH_COATED_OSMIUM,1,6,-6.0,-8.0
-1,710200,ASH_COATED_OSMIUM,1,8,8.0,8.0
-1,712300,ASH_COATED_OSMIUM,1,5,5.0,8.0
-1,714900,ASH_COATED_OSMIUM,1,5,5.0,3.0
-1,717200,INTARIAN_PEPPER_ROOT,1,4,4.0,6.5
-1,720600,ASH_COATED_OSMIUM,1,4,4.0,9.0
-1,723300,ASH_COATED_OSMIUM,1,6,-6.0,-8.0
-1,724500,INTARIAN_PEPPER_ROOT,1,4,4.0,6.5
-1,725700,ASH_COATED_OSMIUM,1,8,-8.0,-8.0
-1,726200,ASH_COATED_OSMIUM,1,5,-5.0,-8.0
-1,727200,INTARIAN_PEPPER_ROOT,1,6,6.0,6.5
-1,727400,INTARIAN_PEPPER_ROOT,1,3,3.0,6.5
-1,728400,INTARIAN_PEPPER_ROOT,1,5,-5.0,-6.5
-1,729100,ASH_COATED_OSMIUM,1,8,8.0,8.0
-1,729500,ASH_COATED_OSMIUM,1,5,0.0,0.0
-1,730400,ASH_COATED_OSMIUM,1,6,6.0,8.0
-1,730700,ASH_COATED_OSMIUM,1,2,-2.0,-5.5
-1,731200,ASH_COATED_OSMIUM,1,9,9.0,8.0
-1,733500,INTARIAN_PEPPER_ROOT,1,3,3.0,6.5
-1,734900,ASH_COATED_OSMIUM,1,5,-5.0,-8.0
-1,735000,ASH_COATED_OSMIUM,1,5,5.0,8.0
-1,736700,ASH_COATED_OSMIUM,1,5,5.0,9.5
-1,737500,INTARIAN_PEPPER_ROOT,1,3,-3.0,-1.5
-1,739400,ASH_COATED_OSMIUM,1,6,6.0,9.0
-1,739500,ASH_COATED_OSMIUM,1,10,-10.0,-9.0
-1,742000,ASH_COATED_OSMIUM,1,5,5.0,8.0
-1,743700,ASH_COATED_OSMIUM,1,4,-4.0,-8.0
-1,745400,ASH_COATED_OSMIUM,1,6,-6.0,-8.0
-1,746100,ASH_COATED_OSMIUM,1,8,8.0,9.5
-1,748300,INTARIAN_PEPPER_ROOT,1,5,5.0,5.5
-1,750400,ASH_COATED_OSMIUM,1,5,0.0,0.0
-1,752100,ASH_COATED_OSMIUM,1,4,4.0,8.0
-1,752900,INTARIAN_PEPPER_ROOT,1,7,7.0,6.0
-1,754200,ASH_COATED_OSMIUM,1,5,5.0,8.0
-1,755500,INTARIAN_PEPPER_ROOT,1,7,-7.0,-6.5
-1,755700,ASH_COATED_OSMIUM,1,4,4.0,9.0
-1,755700,INTARIAN_PEPPER_ROOT,1,3,3.0,8.0
-1,756400,ASH_COATED_OSMIUM,1,3,-3.0,-5.5
-1,756600,ASH_COATED_OSMIUM,1,9,-9.0,-8.0
-1,756900,ASH_COATED_OSMIUM,1,5,-5.0,-8.0
-1,757200,ASH_COATED_OSMIUM,1,9,-9.0,-8.0
-1,758500,ASH_COATED_OSMIUM,1,6,0.0,0.0
-1,761800,INTARIAN_PEPPER_ROOT,1,7,7.0,1.5
-1,763000,INTARIAN_PEPPER_ROOT,1,4,4.0,6.0
-1,763600,INTARIAN_PEPPER_ROOT,1,6,6.0,6.5
-1,763900,ASH_COATED_OSMIUM,2,14,-14.0,-8.0
-1,764300,INTARIAN_PEPPER_ROOT,1,5,-5.0,-8.0
-1,766000,INTARIAN_PEPPER_ROOT,1,4,-4.0,-1.5
-1,767000,ASH_COATED_OSMIUM,1,9,0.0,0.0
-1,770100,INTARIAN_PEPPER_ROOT,1,4,-4.0,-6.0
-1,771800,INTARIAN_PEPPER_ROOT,1,6,-6.0,-1.5
-1,775000,ASH_COATED_OSMIUM,1,4,4.0,4.0
-1,775500,INTARIAN_PEPPER_ROOT,1,7,-7.0,-1.5
-1,776800,INTARIAN_PEPPER_ROOT,1,6,-6.0,-6.5
-1,777000,INTARIAN_PEPPER_ROOT,1,5,-5.0,-7.5
-1,777200,ASH_COATED_OSMIUM,1,10,10.0,8.0
-1,780100,ASH_COATED_OSMIUM,1,2,2.0,8.0
-1,781100,INTARIAN_PEPPER_ROOT,1,7,-7.0,-1.5
-1,781500,INTARIAN_PEPPER_ROOT,1,7,7.0,1.0
-1,782500,ASH_COATED_OSMIUM,1,7,7.0,8.0
-1,783300,INTARIAN_PEPPER_ROOT,1,4,-4.0,-6.5
-1,785100,INTARIAN_PEPPER_ROOT,1,3,-3.0,-6.0
-1,787000,INTARIAN_PEPPER_ROOT,1,6,-6.0,-3.0
-1,787300,INTARIAN_PEPPER_ROOT,1,4,-4.0,-6.5
-1,788000,ASH_COATED_OSMIUM,1,5,5.0,8.0
-1,789700,ASH_COATED_OSMIUM,1,2,-2.0,-8.0
-1,791700,INTARIAN_PEPPER_ROOT,1,6,6.0,1.5
-1,791900,ASH_COATED_OSMIUM,1,5,-5.0,-8.0
-1,792300,ASH_COATED_OSMIUM,1,10,10.0,8.0
-1,793700,ASH_COATED_OSMIUM,1,10,10.0,8.0
-1,793700,INTARIAN_PEPPER_ROOT,1,4,4.0,6.5
-1,796100,INTARIAN_PEPPER_ROOT,1,5,0.0,0.0
-1,796300,INTARIAN_PEPPER_ROOT,1,5,-5.0,-6.5
-1,796500,ASH_COATED_OSMIUM,1,4,-4.0,-5.5
-1,796600,INTARIAN_PEPPER_ROOT,1,7,-7.0,-1.5
-1,798400,INTARIAN_PEPPER_ROOT,1,5,5.0,6.5
-1,802000,ASH_COATED_OSMIUM,1,5,5.0,5.0
-1,803100,ASH_COATED_OSMIUM,1,5,5.0,8.0
-1,805200,ASH_COATED_OSMIUM,1,6,6.0,2.5
-1,806000,ASH_COATED_OSMIUM,1,2,-2.0,-8.0
-1,806100,INTARIAN_PEPPER_ROOT,1,7,0.0,0.0
-1,806200,INTARIAN_PEPPER_ROOT,1,3,3.0,4.0
-1,810700,ASH_COATED_OSMIUM,1,2,2.0,8.0
-1,811700,INTARIAN_PEPPER_ROOT,1,6,-6.0,-8.0
-1,813000,INTARIAN_PEPPER_ROOT,1,3,-3.0,-6.0
-1,815600,ASH_COATED_OSMIUM,1,4,4.0,9.5
-1,815900,INTARIAN_PEPPER_ROOT,1,3,-3.0,-3.0
-1,821100,ASH_COATED_OSMIUM,1,8,8.0,9.5
-1,823400,ASH_COATED_OSMIUM,1,6,6.0,9.5
-1,823500,INTARIAN_PEPPER_ROOT,1,8,-8.0,-1.5
-1,825200,INTARIAN_PEPPER_ROOT,1,4,-4.0,-3.5
-1,825700,INTARIAN_PEPPER_ROOT,1,6,-6.0,-1.5
-1,829600,INTARIAN_PEPPER_ROOT,1,7,-7.0,-6.5
-1,831300,INTARIAN_PEPPER_ROOT,1,3,-3.0,-2.0
-1,832900,ASH_COATED_OSMIUM,1,5,-5.0,-8.0
-1,833100,INTARIAN_PEPPER_ROOT,1,7,-7.0,-6.5
-1,833200,INTARIAN_PEPPER_ROOT,1,3,-3.0,-6.5
-1,835700,ASH_COATED_OSMIUM,1,8,8.0,8.0
-1,836800,ASH_COATED_OSMIUM,1,7,-7.0,-8.0
-1,837100,INTARIAN_PEPPER_ROOT,1,3,3.0,6.5
-1,839300,INTARIAN_PEPPER_ROOT,1,6,6.0,6.5
-1,839700,ASH_COATED_OSMIUM,1,4,4.0,8.0
-1,842700,INTARIAN_PEPPER_ROOT,1,3,-3.0,-8.0
-1,843000,ASH_COATED_OSMIUM,1,5,5.0,4.5
-1,843300,ASH_COATED_OSMIUM,1,5,-5.0,-9.5
-1,843400,ASH_COATED_OSMIUM,1,4,-4.0,-9.0
-1,844800,INTARIAN_PEPPER_ROOT,1,5,5.0,1.5
-1,845300,ASH_COATED_OSMIUM,1,3,3.0,9.5
-1,845400,INTARIAN_PEPPER_ROOT,1,7,7.0,1.0
-1,845600,ASH_COATED_OSMIUM,1,3,3.0,5.0
-1,846000,INTARIAN_PEPPER_ROOT,1,4,-4.0,-6.0
-1,846500,INTARIAN_PEPPER_ROOT,1,6,6.0,6.5
-1,846900,ASH_COATED_OSMIUM,1,2,2.0,9.0
-1,847000,INTARIAN_PEPPER_ROOT,1,5,5.0,6.0
-1,847500,ASH_COATED_OSMIUM,2,12,12.0,8.0
-1,847800,ASH_COATED_OSMIUM,1,7,-7.0,-8.0
-1,848300,ASH_COATED_OSMIUM,1,5,-5.0,-8.0
-1,851800,ASH_COATED_OSMIUM,1,6,6.0,9.5
-1,852300,ASH_COATED_OSMIUM,1,3,-3.0,-9.5
-1,852500,ASH_COATED_OSMIUM,1,3,-3.0,-9.0
-1,854100,INTARIAN_PEPPER_ROOT,1,3,3.0,6.5
-1,857500,INTARIAN_PEPPER_ROOT,1,4,-4.0,-8.0
-1,858300,INTARIAN_PEPPER_ROOT,1,6,-6.0,-6.5
-1,859700,ASH_COATED_OSMIUM,1,4,-4.0,-9.0
-1,861000,INTARIAN_PEPPER_ROOT,1,4,0.0,0.0
-1,861700,INTARIAN_PEPPER_ROOT,1,7,-7.0,-6.5
-1,861800,ASH_COATED_OSMIUM,1,2,2.0,8.0
-1,864800,ASH_COATED_OSMIUM,1,8,8.0,9.5
-1,865000,ASH_COATED_OSMIUM,1,6,-6.0,-8.0
-1,867800,ASH_COATED_OSMIUM,1,3,-3.0,-9.0
-1,869800,INTARIAN_PEPPER_ROOT,1,7,7.0,6.5
-1,870900,ASH_COATED_OSMIUM,1,5,5.0,8.0
-1,871500,ASH_COATED_OSMIUM,1,2,-2.0,-8.0
-1,871700,ASH_COATED_OSMIUM,1,2,2.0,9.0
-1,875600,INTARIAN_PEPPER_ROOT,1,3,-3.0,-6.5
-1,877800,INTARIAN_PEPPER_ROOT,1,6,6.0,6.5
-1,877900,ASH_COATED_OSMIUM,1,7,-7.0,-8.0
-1,878200,ASH_COATED_OSMIUM,1,5,5.0,8.0
-1,880800,ASH_COATED_OSMIUM,1,4,-4.0,-8.0
-1,883500,INTARIAN_PEPPER_ROOT,1,5,-5.0,-8.0
-1,887000,INTARIAN_PEPPER_ROOT,1,4,-4.0,-1.5
-1,887700,ASH_COATED_OSMIUM,1,6,6.0,9.5
-1,887700,INTARIAN_PEPPER_ROOT,1,4,-4.0,-6.5
-1,889100,INTARIAN_PEPPER_ROOT,1,4,4.0,6.5
-1,891000,INTARIAN_PEPPER_ROOT,1,7,7.0,6.0
-1,891400,INTARIAN_PEPPER_ROOT,1,4,-4.0,-2.0
-1,892900,ASH_COATED_OSMIUM,1,8,8.0,8.0
-1,893200,ASH_COATED_OSMIUM,1,4,-4.0,-9.5
-1,898100,INTARIAN_PEPPER_ROOT,1,8,8.0,1.0
-1,899200,ASH_COATED_OSMIUM,1,5,5.0,8.0
-1,899300,INTARIAN_PEPPER_ROOT,1,6,6.0,6.5
-1,901900,ASH_COATED_OSMIUM,1,3,-3.0,-4.5
-1,904700,ASH_COATED_OSMIUM,1,3,3.0,8.0
-1,904900,INTARIAN_PEPPER_ROOT,1,5,5.0,6.5
-1,905000,ASH_COATED_OSMIUM,1,10,-10.0,-9.5
-1,905100,ASH_COATED_OSMIUM,1,4,-4.0,-9.5
-1,905900,ASH_COATED_OSMIUM,1,5,5.0,8.0
-1,907400,INTARIAN_PEPPER_ROOT,1,6,6.0,6.5
-1,907500,INTARIAN_PEPPER_ROOT,1,7,7.0,6.5
-1,909400,ASH_COATED_OSMIUM,1,4,-4.0,-9.0
-1,909900,ASH_COATED_OSMIUM,1,8,8.0,8.0
-1,910800,INTARIAN_PEPPER_ROOT,1,5,0.0,0.0
-1,911200,ASH_COATED_OSMIUM,1,2,2.0,8.0
-1,912400,ASH_COATED_OSMIUM,1,3,3.0,9.5
-1,912400,INTARIAN_PEPPER_ROOT,1,7,7.0,6.5
-1,914700,INTARIAN_PEPPER_ROOT,1,5,5.0,8.0
-1,917900,ASH_COATED_OSMIUM,1,5,5.0,8.0
-1,918400,INTARIAN_PEPPER_ROOT,1,7,7.0,6.5
-1,919000,ASH_COATED_OSMIUM,1,3,-3.0,-9.5
-1,920300,INTARIAN_PEPPER_ROOT,1,4,4.0,6.5
-1,920700,ASH_COATED_OSMIUM,1,3,3.0,8.0
-1,920900,INTARIAN_PEPPER_ROOT,1,5,5.0,8.0
-1,921200,ASH_COATED_OSMIUM,1,10,10.0,9.0
-1,922500,INTARIAN_PEPPER_ROOT,1,3,3.0,8.0
-1,922600,INTARIAN_PEPPER_ROOT,1,7,-7.0,-6.5
-1,923500,ASH_COATED_OSMIUM,1,3,-3.0,-8.0
-1,923800,ASH_COATED_OSMIUM,1,4,-4.0,-3.5
-1,927200,INTARIAN_PEPPER_ROOT,1,3,-3.0,-2.0
-1,928300,ASH_COATED_OSMIUM,1,3,-3.0,-8.0
-1,928900,ASH_COATED_OSMIUM,1,4,-4.0,-8.0
-1,929500,ASH_COATED_OSMIUM,1,2,2.0,8.0
-1,929900,INTARIAN_PEPPER_ROOT,1,7,-7.0,-3.0
-1,930800,ASH_COATED_OSMIUM,1,6,-6.0,-9.0
-1,932600,ASH_COATED_OSMIUM,1,10,10.0,8.0
-1,933500,INTARIAN_PEPPER_ROOT,1,6,6.0,6.5
-1,934100,ASH_COATED_OSMIUM,1,3,3.0,8.0
-1,935900,ASH_COATED_OSMIUM,1,8,-8.0,-8.0
-1,936600,INTARIAN_PEPPER_ROOT,1,8,8.0,1.5
-1,937900,INTARIAN_PEPPER_ROOT,1,6,-6.0,-6.5
-1,938900,ASH_COATED_OSMIUM,1,2,2.0,8.0
-1,939400,ASH_COATED_OSMIUM,1,6,6.0,8.0
-1,939500,ASH_COATED_OSMIUM,1,9,9.0,8.0
-1,942700,INTARIAN_PEPPER_ROOT,1,3,3.0,1.5
-1,946100,ASH_COATED_OSMIUM,1,10,-10.0,-9.5
-1,947800,INTARIAN_PEPPER_ROOT,1,6,-6.0,-6.5
-1,948000,INTARIAN_PEPPER_ROOT,1,6,6.0,6.0
-1,948400,ASH_COATED_OSMIUM,1,7,7.0,9.0
-1,949400,ASH_COATED_OSMIUM,1,2,2.0,9.0
-1,949700,INTARIAN_PEPPER_ROOT,1,4,4.0,8.0
-1,956400,ASH_COATED_OSMIUM,1,3,-3.0,-9.0
-1,957400,INTARIAN_PEPPER_ROOT,1,5,5.0,1.0
-1,957900,INTARIAN_PEPPER_ROOT,1,6,6.0,6.5
-1,959100,INTARIAN_PEPPER_ROOT,1,3,-3.0,-2.0
-1,960200,ASH_COATED_OSMIUM,1,4,-4.0,-8.0
-1,964200,ASH_COATED_OSMIUM,1,3,3.0,8.0
-1,964800,INTARIAN_PEPPER_ROOT,1,7,-7.0,-8.0
-1,965400,INTARIAN_PEPPER_ROOT,1,5,-5.0,-6.5
-1,970000,INTARIAN_PEPPER_ROOT,1,8,8.0,1.0
-1,971100,ASH_COATED_OSMIUM,1,5,5.0,9.0
-1,973700,INTARIAN_PEPPER_ROOT,1,5,5.0,6.5
-1,974400,INTARIAN_PEPPER_ROOT,1,7,-7.0,-8.0
-1,974800,ASH_COATED_OSMIUM,1,4,0.0,0.0
-1,975300,ASH_COATED_OSMIUM,1,2,-2.0,-9.0
-1,975700,ASH_COATED_OSMIUM,1,3,3.0,8.0
-1,976300,INTARIAN_PEPPER_ROOT,1,5,0.0,0.0
-1,976500,ASH_COATED_OSMIUM,1,6,-6.0,-9.5
-1,976700,INTARIAN_PEPPER_ROOT,1,3,3.0,6.5
-1,977200,INTARIAN_PEPPER_ROOT,1,5,5.0,1.0
-1,978200,INTARIAN_PEPPER_ROOT,1,6,6.0,6.5
-1,978400,ASH_COATED_OSMIUM,1,3,-3.0,-9.0
-1,981000,ASH_COATED_OSMIUM,1,5,5.0,9.0
-1,981200,INTARIAN_PEPPER_ROOT,1,3,3.0,1.0
-1,982800,INTARIAN_PEPPER_ROOT,1,6,-6.0,-6.5
-1,984300,ASH_COATED_OSMIUM,1,4,4.0,8.0
-1,985500,ASH_COATED_OSMIUM,1,3,-3.0,-8.0
-1,986400,ASH_COATED_OSMIUM,1,3,3.0,8.0
-1,986800,ASH_COATED_OSMIUM,1,6,-6.0,-9.5
-1,987300,ASH_COATED_OSMIUM,1,6,6.0,8.0
-1,987400,INTARIAN_PEPPER_ROOT,1,3,-3.0,-8.0
-1,989100,ASH_COATED_OSMIUM,1,2,-2.0,-8.0
-1,989700,INTARIAN_PEPPER_ROOT,1,4,-4.0,-6.5
-1,990900,INTARIAN_PEPPER_ROOT,1,6,-6.0,-6.5
-1,991400,ASH_COATED_OSMIUM,1,9,-9.0,-9.0
-1,993300,ASH_COATED_OSMIUM,1,5,-5.0,-9.0
-1,994200,INTARIAN_PEPPER_ROOT,1,3,-3.0,-6.5
-1,995100,INTARIAN_PEPPER_ROOT,1,7,-7.0,-3.5
-1,995400,ASH_COATED_OSMIUM,1,6,6.0,8.0
-1,997000,ASH_COATED_OSMIUM,1,4,-4.0,-9.5
0,0,ASH_COATED_OSMIUM,1,6,-6.0,-8.0
0,3600,ASH_COATED_OSMIUM,1,3,3.0,8.0
0,4200,ASH_COATED_OSMIUM,1,2,2.0,9.0
0,4400,INTARIAN_PEPPER_ROOT,1,5,5.0,8.0
0,4800,INTARIAN_PEPPER_ROOT,1,3,3.0,5.5
0,5000,INTARIAN_PEPPER_ROOT,1,5,-5.0,-8.5
0,9100,ASH_COATED_OSMIUM,1,4,-4.0,-5.0
0,9600,ASH_COATED_OSMIUM,1,6,-6.0,-8.0
0,10000,ASH_COATED_OSMIUM,1,8,-8.0,-8.0
0,12100,ASH_COATED_OSMIUM,1,5,-5.0,-8.0
0,14000,ASH_COATED_OSMIUM,1,3,3.0,8.0
0,15100,ASH_COATED_OSMIUM,2,10,10.0,8.0
0,17400,INTARIAN_PEPPER_ROOT,1,3,-3.0,-6.0
0,18500,ASH_COATED_OSMIUM,1,6,6.0,8.0
0,23000,INTARIAN_PEPPER_ROOT,1,4,-4.0,-7.0
0,23100,INTARIAN_PEPPER_ROOT,1,4,4.0,1.0
0,23900,ASH_COATED_OSMIUM,1,4,-4.0,-9.5
0,24300,ASH_COATED_OSMIUM,1,4,-4.0,-9.0
0,24600,ASH_COATED_OSMIUM,1,3,-3.0,-8.0
0,30400,ASH_COATED_OSMIUM,1,2,0.0,0.0
0,30400,INTARIAN_PEPPER_ROOT,1,6,6.0,6.5
0,32800,ASH_COATED_OSMIUM,1,4,-4.0,-3.0
0,34000,ASH_COATED_OSMIUM,1,7,7.0,8.0
0,34400,INTARIAN_PEPPER_ROOT,1,3,3.0,6.5
0,34500,ASH_COATED_OSMIUM,1,8,0.0,0.0
0,35700,INTARIAN_PEPPER_ROOT,2,10,4.0,0.0
0,35800,INTARIAN_PEPPER_ROOT,1,7,0.0,0.0
0,36500,ASH_COATED_OSMIUM,1,3,3.0,9.0
0,37900,ASH_COATED_OSMIUM,1,4,-4.0,-9.0
0,38400,ASH_COATED_OSMIUM,1,3,3.0,9.5
0,38500,INTARIAN_PEPPER_ROOT,1,5,-5.0,-6.5
0,39100,ASH_COATED_OSMIUM,1,6,0.0,0.0
0,39900,ASH_COATED_OSMIUM,1,7,7.0,8.0
0,41500,ASH_COATED_OSMIUM,1,5,5.0,8.0
0,42800,INTARIAN_PEPPER_ROOT,1,5,5.0,6.5
0,44700,INTARIAN_PEPPER_ROOT,1,8,8.0,3.0
0,50900,ASH_COATED_OSMIUM,1,5,-5.0,-9.5
0,51400,INTARIAN_PEPPER_ROOT,1,4,0.0,0.0
0,52600,INTARIAN_PEPPER_ROOT,1,8,-8.0,-1.5
0,54600,ASH_COATED_OSMIUM,1,6,-6.0,-8.0
0,57000,INTARIAN_PEPPER_ROOT,1,4,4.0,10.0
0,58400,ASH_COATED_OSMIUM,1,3,-3.0,-8.0
0,59500,ASH_COATED_OSMIUM,1,2,2.0,8.0
0,62000,ASH_COATED_OSMIUM,1,6,6.0,8.0
0,63700,ASH_COATED_OSMIUM,1,2,-2.0,-8.0
0,64300,INTARIAN_PEPPER_ROOT,1,3,3.0,1.0
0,64900,ASH_COATED_OSMIUM,1,4,4.0,8.0
0,65300,ASH_COATED_OSMIUM,1,2,-2.0,-9.5
0,67600,INTARIAN_PEPPER_ROOT,1,4,-4.0,-1.5
0,68000,ASH_COATED_OSMIUM,1,3,3.0,8.0
0,70400,INTARIAN_PEPPER_ROOT,1,5,-5.0,-1.5
0,71500,INTARIAN_PEPPER_ROOT,1,4,4.0,1.0
0,73700,INTARIAN_PEPPER_ROOT,1,4,-4.0,-6.5
0,76300,ASH_COATED_OSMIUM,1,6,-6.0,-8.0
0,76500,ASH_COATED_OSMIUM,1,8,8.0,6.5
0,77200,INTARIAN_PEPPER_ROOT,1,3,-3.0,-6.5
0,80200,INTARIAN_PEPPER_ROOT,1,5,-5.0,-6.5
0,83700,ASH_COATED_OSMIUM,1,2,2.0,9.5
0,84400,INTARIAN_PEPPER_ROOT,1,5,-5.0,-1.5
0,84600,INTARIAN_PEPPER_ROOT,1,6,6.0,6.5
0,84800,INTARIAN_PEPPER_ROOT,1,5,-5.0,-1.5
0,85500,ASH_COATED_OSMIUM,1,7,-7.0,-8.0
0,85700,ASH_COATED_OSMIUM,1,3,3.0,3.0
0,85900,ASH_COATED_OSMIUM,1,5,-5.0,-9.5
0,87400,INTARIAN_PEPPER_ROOT,1,3,-3.0,-8.0
0,87900,ASH_COATED_OSMIUM,1,5,-5.0,-8.0
0,88300,ASH_COATED_OSMIUM,1,2,2.0,9.0
0,90200,ASH_COATED_OSMIUM,1,10,10.0,8.0
0,90700,ASH_COATED_OSMIUM,1,2,2.0,8.0
0,90800,ASH_COATED_OSMIUM,1,6,-6.0,-9.5
0,91700,INTARIAN_PEPPER_ROOT,1,8,8.0,1.5
0,92500,INTARIAN_PEPPER_ROOT,1,7,7.0,6.5
0,95900,ASH_COATED_OSMIUM,1,3,3.0,8.0
0,96900,ASH_COATED_OSMIUM,2,14,14.0,8.0
0,97200,INTARIAN_PEPPER_ROOT,1,7,7.0,2.0
0,105900,ASH_COATED_OSMIUM,1,5,5.0,9.5
0,107000,INTARIAN_PEPPER_ROOT,1,7,7.0,7.0
0,107200,ASH_COATED_OSMIUM,1,3,-3.0,-8.0
0,108800,INTARIAN_PEPPER_ROOT,1,3,-3.0,-1.5
0,109800,INTARIAN_PEPPER_ROOT,2,7,1.0,0.0
0,111600,ASH_COATED_OSMIUM,1,5,-5.0,-8.0
0,114700,ASH_COATED_OSMIUM,1,3,-3.0,-8.0
0,116100,ASH_COATED_OSMIUM,1,8,-8.0,-9.0
0,117500,INTARIAN_PEPPER_ROOT,1,6,0.0,0.0
0,120100,INTARIAN_PEPPER_ROOT,1,4,4.0,6.5
0,122000,ASH_COATED_OSMIUM,1,10,10.0,9.5
0,122300,ASH_COATED_OSMIUM,1,5,5.0,8.0
0,122400,INTARIAN_PEPPER_ROOT,1,7,7.0,6.5
0,124500,ASH_COATED_OSMIUM,1,2,-2.0,-9.0
0,126400,ASH_COATED_OSMIUM,1,6,-6.0,-8.0
0,126500,ASH_COATED_OSMIUM,1,6,-6.0,-8.0
0,127800,ASH_COATED_OSMIUM,1,2,2.0,9.5
0,127800,INTARIAN_PEPPER_ROOT,1,3,-3.0,-6.5
0,129500,INTARIAN_PEPPER_ROOT,1,3,3.0,8.0
0,130300,ASH_COATED_OSMIUM,1,2,2.0,9.0
0,131000,ASH_COATED_OSMIUM,1,9,9.0,8.0
0,131100,INTARIAN_PEPPER_ROOT,1,4,4.0,6.5
0,131400,ASH_COATED_OSMIUM,1,2,2.0,8.0
0,132300,INTARIAN_PEPPER_ROOT,1,3,-3.0,-8.0
0,137700,ASH_COATED_OSMIUM,1,3,3.0,9.5
0,138000,INTARIAN_PEPPER_ROOT,1,4,-4.0,-7.0
0,138700,INTARIAN_PEPPER_ROOT,1,3,-3.0,-3.0
0,139400,ASH_COATED_OSMIUM,2,11,-11.0,-9.5
0,141900,INTARIAN_PEPPER_ROOT,1,4,-4.0,-6.5
0,142000,ASH_COATED_OSMIUM,1,2,-2.0,-8.0
0,142200,ASH_COATED_OSMIUM,1,6,-6.0,-8.0
0,142300,INTARIAN_PEPPER_ROOT,1,6,-6.0,-2.0
0,146700,ASH_COATED_OSMIUM,1,6,6.0,8.0
0,148200,INTARIAN_PEPPER_ROOT,1,7,-7.0,-6.5
0,149500,ASH_COATED_OSMIUM,1,9,9.0,6.5
0,153200,ASH_COATED_OSMIUM,1,5,-5.0,-8.0
0,154600,ASH_COATED_OSMIUM,1,2,-2.0,-9.0
0,155300,ASH_COATED_OSMIUM,1,10,10.0,8.0
0,155500,ASH_COATED_OSMIUM,1,6,6.0,8.0
0,155700,ASH_COATED_OSMIUM,1,7,7.0,10.5
0,155800,ASH_COATED_OSMIUM,1,5,-5.0,-4.5
0,158200,ASH_COATED_OSMIUM,1,5,-5.0,-8.0
0,164100,INTARIAN_PEPPER_ROOT,1,5,-5.0,-2.0
0,164200,INTARIAN_PEPPER_ROOT,1,7,7.0,2.5
0,165300,ASH_COATED_OSMIUM,1,5,-5.0,-8.0
0,170300,INTARIAN_PEPPER_ROOT,1,7,7.0,8.0
0,170500,INTARIAN_PEPPER_ROOT,1,7,-7.0,-1.5
0,172700,ASH_COATED_OSMIUM,1,4,4.0,8.0
0,173100,ASH_COATED_OSMIUM,1,2,2.0,5.0
0,177700,ASH_COATED_OSMIUM,1,10,-10.0,-8.0
0,177900,INTARIAN_PEPPER_ROOT,1,5,-5.0,-8.5
0,181600,ASH_COATED_OSMIUM,1,2,-2.0,-9.0
0,182700,ASH_COATED_OSMIUM,1,5,-5.0,-9.5
0,184700,ASH_COATED_OSMIUM,1,5,-5.0,-4.5
0,184800,ASH_COATED_OSMIUM,1,4,0.0,0.0
0,185500,INTARIAN_PEPPER_ROOT,1,5,-5.0,-1.5
0,185900,ASH_COATED_OSMIUM,1,10,-10.0,-8.0
0,186800,ASH_COATED_OSMIUM,1,4,-4.0,-8.0
0,190400,ASH_COATED_OSMIUM,1,3,3.0,8.0
0,191800,INTARIAN_PEPPER_ROOT,1,4,-4.0,-8.0
0,192600,ASH_COATED_OSMIUM,1,8,-8.0,-9.5
0,192900,ASH_COATED_OSMIUM,1,10,10.0,8.0
0,194900,INTARIAN_PEPPER_ROOT,1,6,6.0,1.5
0,197300,ASH_COATED_OSMIUM,1,9,-9.0,-8.0
0,198600,INTARIAN_PEPPER_ROOT,1,5,-5.0,-6.5
0,199400,INTARIAN_PEPPER_ROOT,1,5,5.0,6.5
0,200100,ASH_COATED_OSMIUM,1,6,-6.0,-9.5
0,200300,ASH_COATED_OSMIUM,1,10,-10.0,-8.0
0,200400,ASH_COATED_OSMIUM,1,2,2.0,8.0
0,200600,ASH_COATED_OSMIUM,1,2,2.0,9.5
0,200700,ASH_COATED_OSMIUM,1,8,8.0,8.0
0,201700,ASH_COATED_OSMIUM,1,4,-4.0,-9.5
0,204000,INTARIAN_PEPPER_ROOT,1,7,7.0,7.0
0,204600,INTARIAN_PEPPER_ROOT,1,5,-5.0,-6.5
0,205600,ASH_COATED_OSMIUM,1,2,-2.0,-10.5
0,206600,ASH_COATED_OSMIUM,1,7,-7.0,-8.0
0,207500,INTARIAN_PEPPER_ROOT,1,3,3.0,6.5
0,208900,ASH_COATED_OSMIUM,1,10,-10.0,-9.0
0,210000,ASH_COATED_OSMIUM,1,4,-4.0,-9.5
0,212100,INTARIAN_PEPPER_ROOT,1,4,-4.0,-2.0
0,212700,ASH_COATED_OSMIUM,1,6,-6.0,-4.0
0,215000,INTARIAN_PEPPER_ROOT,1,7,7.0,8.5
0,217000,INTARIAN_PEPPER_ROOT,1,5,5.0,8.5
0,220600,INTARIAN_PEPPER_ROOT,1,4,4.0,1.0
0,222900,ASH_COATED_OSMIUM,1,2,2.0,9.0
0,224300,INTARIAN_PEPPER_ROOT,1,3,3.0,8.0
0,224800,ASH_COATED_OSMIUM,1,5,5.0,8.0
0,224900,ASH_COATED_OSMIUM,1,7,7.0,8.0
0,225000,INTARIAN_PEPPER_ROOT,1,7,-7.0,-7.0
0,226200,ASH_COATED_OSMIUM,1,6,-6.0,-9.0
0,227600,ASH_COATED_OSMIUM,1,5,-5.0,-9.5
0,228000,ASH_COATED_OSMIUM,1,5,-5.0,-8.0
0,229200,ASH_COATED_OSMIUM,1,2,2.0,6.0
0,229600,ASH_COATED_OSMIUM,1,5,5.0,9.5
0,234600,INTARIAN_PEPPER_ROOT,1,4,4.0,6.5
0,235600,ASH_COATED_OSMIUM,1,8,-8.0,-9.5
0,236100,ASH_COATED_OSMIUM,1,4,-4.0,-8.0
0,236500,ASH_COATED_OSMIUM,1,2,-2.0,-8.0
0,236600,ASH_COATED_OSMIUM,1,4,-4.0,-8.0
0,237000,ASH_COATED_OSMIUM,1,5,5.0,8.0
0,237100,ASH_COATED_OSMIUM,1,3,-3.0,-10.5
0,237500,INTARIAN_PEPPER_ROOT,1,4,4.0,6.5
0,239700,INTARIAN_PEPPER_ROOT,1,7,7.0,6.5
0,241700,ASH_COATED_OSMIUM,1,7,-7.0,-9.0
0,242000,INTARIAN_PEPPER_ROOT,1,7,7.0,7.0
0,242800,ASH_COATED_OSMIUM,1,5,5.0,8.0
0,243200,ASH_COATED_OSMIUM,1,6,6.0,8.0
0,243500,INTARIAN_PEPPER_ROOT,1,4,-4.0,-1.5
0,243700,ASH_COATED_OSMIUM,1,6,6.0,9.5
0,246200,ASH_COATED_OSMIUM,1,9,-9.0,-8.0
0,247600,ASH_COATED_OSMIUM,1,6,-6.0,-8.0
0,248700,INTARIAN_PEPPER_ROOT,1,4,-4.0,-6.5
0,251700,ASH_COATED_OSMIUM,1,4,-4.0,-8.0
0,252300,ASH_COATED_OSMIUM,1,5,5.0,7.5
0,252400,ASH_COATED_OSMIUM,1,7,7.0,9.5
0,258300,ASH_COATED_OSMIUM,1,9,9.0,8.0
0,258400,ASH_COATED_OSMIUM,1,4,4.0,8.0
0,259400,ASH_COATED_OSMIUM,1,8,-8.0,-8.0
0,260100,INTARIAN_PEPPER_ROOT,1,5,5.0,7.0
0,260500,ASH_COATED_OSMIUM,1,7,7.0,9.0
0,260600,ASH_COATED_OSMIUM,1,2,2.0,8.0
0,261300,ASH_COATED_OSMIUM,1,2,-2.0,-9.0
0,264100,INTARIAN_PEPPER_ROOT,1,7,0.0,0.0
0,265000,ASH_COATED_OSMIUM,1,8,0.0,0.0
0,267000,ASH_COATED_OSMIUM,1,9,-9.0,-8.0
0,267500,INTARIAN_PEPPER_ROOT,1,3,-3.0,-8.0
0,268800,ASH_COATED_OSMIUM,1,6,6.0,9.5
0,269400,ASH_COATED_OSMIUM,1,4,-4.0,-9.0
0,270400,ASH_COATED_OSMIUM,1,2,2.0,8.0
0,270700,INTARIAN_PEPPER_ROOT,1,6,6.0,4.5
0,271100,INTARIAN_PEPPER_ROOT,1,3,-3.0,-6.0
0,271800,ASH_COATED_OSMIUM,1,5,5.0,8.0
0,272800,ASH_COATED_OSMIUM,1,6,6.0,8.0
0,274100,INTARIAN_PEPPER_ROOT,1,6,6.0,1.5
0,275600,ASH_COATED_OSMIUM,1,4,4.0,9.5
0,280900,ASH_COATED_OSMIUM,1,2,-2.0,-8.0
0,282500,ASH_COATED_OSMIUM,1,4,-4.0,-8.0
0,282600,INTARIAN_PEPPER_ROOT,1,6,-6.0,-3.0
0,282700,ASH_COATED_OSMIUM,1,3,3.0,4.5
0,291400,ASH_COATED_OSMIUM,1,3,-3.0,-8.0
0,295500,ASH_COATED_OSMIUM,1,8,8.0,8.0
0,297000,ASH_COATED_OSMIUM,1,9,9.0,8.0
0,297300,ASH_COATED_OSMIUM,1,3,3.0,9.5
0,299500,ASH_COATED_OSMIUM,1,2,-2.0,-10.5
0,300000,INTARIAN_PEPPER_ROOT,1,7,7.0,7.0
0,301400,INTARIAN_PEPPER_ROOT,1,7,7.0,8.0
0,301600,ASH_COATED_OSMIUM,1,9,-9.0,-8.0
0,302800,ASH_COATED_OSMIUM,1,2,-2.0,-3.5
0,306000,INTARIAN_PEPPER_ROOT,1,5,-5.0,-2.0
0,306200,ASH_COATED_OSMIUM,1,6,-6.0,-8.0
0,306500,ASH_COATED_OSMIUM,1,5,5.0,8.0
0,307600,ASH_COATED_OSMIUM,1,5,-5.0,-8.0
0,310000,ASH_COATED_OSMIUM,1,9,9.0,9.5
0,310900,ASH_COATED_OSMIUM,1,6,6.0,8.0
0,311200,INTARIAN_PEPPER_ROOT,1,3,-3.0,-3.0
0,313100,ASH_COATED_OSMIUM,1,2,-2.0,-8.0
0,313600,ASH_COATED_OSMIUM,1,3,3.0,8.0
0,314400,INTARIAN_PEPPER_ROOT,1,6,6.0,8.0
0,320900,ASH_COATED_OSMIUM,1,6,6.0,9.5
0,323500,ASH_COATED_OSMIUM,1,6,-6.0,-8.0
0,324600,ASH_COATED_OSMIUM,1,2,-2.0,-8.0
0,325000,ASH_COATED_OSMIUM,1,5,5.0,8.0
0,327400,INTARIAN_PEPPER_ROOT,1,6,-6.0,-6.5
0,327600,INTARIAN_PEPPER_ROOT,1,3,3.0,1.5
0,329000,ASH_COATED_OSMIUM,1,9,-9.0,-8.0
0,330600,ASH_COATED_OSMIUM,1,2,-2.0,-8.0
0,331500,INTARIAN_PEPPER_ROOT,1,3,-3.0,-6.5
0,331800,ASH_COATED_OSMIUM,1,8,8.0,9.0
0,332800,ASH_COATED_OSMIUM,1,5,5.0,8.0
0,333200,INTARIAN_PEPPER_ROOT,1,7,7.0,8.0
0,334400,INTARIAN_PEPPER_ROOT,1,3,3.0,6.5
0,334700,INTARIAN_PEPPER_ROOT,1,3,-3.0,-6.5
0,335300,INTARIAN_PEPPER_ROOT,1,3,3.0,8.0
0,335400,INTARIAN_PEPPER_ROOT,1,6,-6.0,-1.5
0,335800,ASH_COATED_OSMIUM,1,6,-6.0,-8.0
0,336000,ASH_COATED_OSMIUM,1,6,-6.0,-8.0
0,336400,ASH_COATED_OSMIUM,1,9,9.0,8.0
0,336500,INTARIAN_PEPPER_ROOT,1,6,6.0,6.5
0,336800,ASH_COATED_OSMIUM,1,4,-4.0,-9.0
0,336800,INTARIAN_PEPPER_ROOT,1,5,5.0,1.5
0,337200,ASH_COATED_OSMIUM,1,6,-6.0,-9.0
0,337300,ASH_COATED_OSMIUM,1,7,-7.0,-8.0
0,337400,INTARIAN_PEPPER_ROOT,1,7,-7.0,-8.0
0,340700,ASH_COATED_OSMIUM,1,2,2.0,8.0
0,341200,ASH_COATED_OSMIUM,1,2,-2.0,-9.0
0,344000,INTARIAN_PEPPER_ROOT,1,3,3.0,1.5
0,344200,ASH_COATED_OSMIUM,1,4,-4.0,-8.0
0,345800,ASH_COATED_OSMIUM,1,3,-3.0,-8.0
0,346200,ASH_COATED_OSMIUM,1,4,-4.0,-8.0
0,349400,ASH_COATED_OSMIUM,1,4,4.0,8.0
0,350400,ASH_COATED_OSMIUM,1,5,5.0,8.0
0,350900,INTARIAN_PEPPER_ROOT,1,4,4.0,7.0
0,351800,ASH_COATED_OSMIUM,1,5,5.0,8.0
0,351900,INTARIAN_PEPPER_ROOT,1,7,-7.0,-8.5
0,352300,INTARIAN_PEPPER_ROOT,1,8,-8.0,-1.5
0,352500,INTARIAN_PEPPER_ROOT,1,6,6.0,6.5
0,353000,ASH_COATED_OSMIUM,1,5,-5.0,-8.0
0,354000,INTARIAN_PEPPER_ROOT,1,6,6.0,8.5
0,356700,ASH_COATED_OSMIUM,1,9,9.0,8.0
0,356800,INTARIAN_PEPPER_ROOT,1,6,-6.0,-6.5
0,357500,ASH_COATED_OSMIUM,1,3,-3.0,-8.0
0,358000,INTARIAN_PEPPER_ROOT,1,3,-3.0,-7.0
0,358400,ASH_COATED_OSMIUM,1,3,3.0,8.0
0,359300,ASH_COATED_OSMIUM,1,4,-4.0,-9.5
0,360800,INTARIAN_PEPPER_ROOT,1,5,5.0,8.0
0,361400,ASH_COATED_OSMIUM,1,6,0.0,0.0
0,361600,INTARIAN_PEPPER_ROOT,1,5,5.0,1.0
0,363200,ASH_COATED_OSMIUM,1,2,2.0,3.0
0,365300,ASH_COATED_OSMIUM,1,3,-3.0,-8.0
0,365400,INTARIAN_PEPPER_ROOT,1,7,7.0,1.0
0,367300,INTARIAN_PEPPER_ROOT,1,5,-5.0,-6.5
0,370900,INTARIAN_PEPPER_ROOT,1,4,4.0,7.0
0,371200,INTARIAN_PEPPER_ROOT,1,3,-3.0,-6.5
0,372300,INTARIAN_PEPPER_ROOT,1,6,6.0,1.0
0,374600,INTARIAN_PEPPER_ROOT,1,3,3.0,8.0
0,375300,ASH_COATED_OSMIUM,1,4,-4.0,-8.0
0,375400,ASH_COATED_OSMIUM,1,3,3.0,8.0
0,376700,INTARIAN_PEPPER_ROOT,1,7,7.0,2.5
0,377400,ASH_COATED_OSMIUM,1,4,-4.0,-8.0
0,380800,INTARIAN_PEPPER_ROOT,1,3,3.0,6.5
0,380900,ASH_COATED_OSMIUM,1,8,-8.0,-8.0
0,381000,ASH_COATED_OSMIUM,1,2,2.0,8.0
0,383000,ASH_COATED_OSMIUM,1,6,6.0,8.0
0,384000,ASH_COATED_OSMIUM,1,4,-4.0,-9.5
0,389800,ASH_COATED_OSMIUM,1,10,10.0,8.0
0,389900,ASH_COATED_OSMIUM,1,7,-7.0,-9.5
0,390400,ASH_COATED_OSMIUM,1,9,-9.0,-8.0
0,391100,ASH_COATED_OSMIUM,1,4,-4.0,-8.0
0,392300,ASH_COATED_OSMIUM,1,5,5.0,8.0
0,399100,INTARIAN_PEPPER_ROOT,1,3,-3.0,-7.0
0,401000,INTARIAN_PEPPER_ROOT,1,8,8.0,1.5
0,401700,ASH_COATED_OSMIUM,1,9,9.0,8.0
0,402400,ASH_COATED_OSMIUM,1,5,-5.0,-8.0
0,405200,ASH_COATED_OSMIUM,1,2,-2.0,-8.0
0,407400,ASH_COATED_OSMIUM,1,8,8.0,8.0
0,412600,ASH_COATED_OSMIUM,1,4,-4.0,-8.0
0,414000,ASH_COATED_OSMIUM,1,6,6.0,5.5
0,415200,INTARIAN_PEPPER_ROOT,1,6,6.0,8.5
0,415800,ASH_COATED_OSMIUM,1,6,-6.0,-8.0
0,416100,ASH_COATED_OSMIUM,1,2,-2.0,-8.0
0,419000,INTARIAN_PEPPER_ROOT,1,6,-6.0,-7.0
0,419200,INTARIAN_PEPPER_ROOT,1,4,4.0,7.0
0,420300,INTARIAN_PEPPER_ROOT,1,7,-7.0,-6.5
0,423300,INTARIAN_PEPPER_ROOT,1,6,-6.0,-6.5
0,424700,ASH_COATED_OSMIUM,1,6,-6.0,-8.0
0,424900,INTARIAN_PEPPER_ROOT,1,7,7.0,7.0
0,425200,ASH_COATED_OSMIUM,1,6,6.0,8.0
0,425800,ASH_COATED_OSMIUM,1,7,-7.0,-9.5
0,427600,INTARIAN_PEPPER_ROOT,1,7,-7.0,-6.5
0,430100,ASH_COATED_OSMIUM,1,4,4.0,8.0
0,432100,INTARIAN_PEPPER_ROOT,1,8,-8.0,-6.0
0,432800,ASH_COATED_OSMIUM,1,6,-6.0,-8.0
0,433700,ASH_COATED_OSMIUM,1,6,-6.0,-8.0
0,435400,ASH_COATED_OSMIUM,1,3,-3.0,-8.0
0,436100,INTARIAN_PEPPER_ROOT,1,5,-5.0,-2.0
0,437600,INTARIAN_PEPPER_ROOT,1,3,-3.0,-8.0
0,439100,ASH_COATED_OSMIUM,1,5,5.0,8.0
0,439800,ASH_COATED_OSMIUM,1,7,7.0,9.5
0,440300,ASH_COATED_OSMIUM,1,3,3.0,8.0
0,440700,ASH_COATED_OSMIUM,1,2,-2.0,-8.0
0,440800,INTARIAN_PEPPER_ROOT,1,4,0.0,0.0
0,442100,ASH_COATED_OSMIUM,1,4,4.0,6.0
0,442700,ASH_COATED_OSMIUM,1,6,6.0,8.0
0,443000,ASH_COATED_OSMIUM,1,4,4.0,8.0
0,444200,ASH_COATED_OSMIUM,1,10,10.0,8.0
0,445000,ASH_COATED_OSMIUM,1,8,8.0,8.0
0,447800,INTARIAN_PEPPER_ROOT,1,5,5.0,7.0
0,449100,ASH_COATED_OSMIUM,1,8,-8.0,-8.0
0,450800,ASH_COATED_OSMIUM,1,3,-3.0,-5.5
0,451800,ASH_COATED_OSMIUM,1,5,-5.0,-8.0
0,452300,ASH_COATED_OSMIUM,1,7,7.0,9.5
0,453000,INTARIAN_PEPPER_ROOT,1,3,-3.0,-3.5
0,453400,ASH_COATED_OSMIUM,1,6,-6.0,-8.0
0,453700,ASH_COATED_OSMIUM,1,3,-3.0,-3.5
0,453800,INTARIAN_PEPPER_ROOT,1,7,7.0,3.0
0,456000,ASH_COATED_OSMIUM,1,4,4.0,9.0
0,456100,INTARIAN_PEPPER_ROOT,1,6,-6.0,-10.0
0,457000,INTARIAN_PEPPER_ROOT,1,6,-6.0,-10.0
0,457600,INTARIAN_PEPPER_ROOT,1,3,-3.0,-1.5
0,458400,ASH_COATED_OSMIUM,1,6,6.0,8.0
0,458700,INTARIAN_PEPPER_ROOT,1,7,0.0,0.0
0,459600,INTARIAN_PEPPER_ROOT,1,6,-6.0,-6.5
0,461900,INTARIAN_PEPPER_ROOT,1,5,5.0,7.0
0,463900,ASH_COATED_OSMIUM,1,6,6.0,8.0
0,464300,INTARIAN_PEPPER_ROOT,1,3,3.0,8.5
0,465500,ASH_COATED_OSMIUM,1,6,6.0,8.0
0,466000,INTARIAN_PEPPER_ROOT,1,3,3.0,1.5
0,467300,INTARIAN_PEPPER_ROOT,1,3,-3.0,-6.5
0,467800,ASH_COATED_OSMIUM,2,7,3.0,0.0
0,468100,ASH_COATED_OSMIUM,1,8,-8.0,-10.5
0,469000,INTARIAN_PEPPER_ROOT,1,6,-6.0,-7.0
0,471900,ASH_COATED_OSMIUM,1,6,6.0,8.0
0,472200,ASH_COATED_OSMIUM,1,3,-3.0,-8.0
0,473000,INTARIAN_PEPPER_ROOT,1,4,-4.0,-2.0
0,473600,INTARIAN_PEPPER_ROOT,1,5,-5.0,-6.5
0,474000,INTARIAN_PEPPER_ROOT,1,5,-5.0,-2.0
0,476400,ASH_COATED_OSMIUM,1,5,5.0,8.0
0,477200,ASH_COATED_OSMIUM,1,6,-6.0,-8.0
0,477600,INTARIAN_PEPPER_ROOT,1,5,5.0,6.5
0,478500,ASH_COATED_OSMIUM,1,3,-3.0,-8.0
0,478600,ASH_COATED_OSMIUM,1,6,-6.0,-8.0
0,479600,ASH_COATED_OSMIUM,1,2,-2.0,-9.5
0,482100,INTARIAN_PEPPER_ROOT,1,5,-5.0,-8.5
0,482600,ASH_COATED_OSMIUM,1,5,-5.0,-8.0
0,482700,ASH_COATED_OSMIUM,1,5,-5.0,-9.5
0,487200,ASH_COATED_OSMIUM,1,3,3.0,8.0
0,487500,ASH_COATED_OSMIUM,1,4,-4.0,-10.5
0,487700,ASH_COATED_OSMIUM,1,5,-5.0,-9.0
0,489400,INTARIAN_PEPPER_ROOT,1,3,-3.0,-6.5
0,489700,ASH_COATED_OSMIUM,1,7,7.0,9.5
0,490300,INTARIAN_PEPPER_ROOT,1,5,-5.0,-8.0
0,493800,INTARIAN_PEPPER_ROOT,1,4,-4.0,-8.5
0,494300,ASH_COATED_OSMIUM,1,3,3.0,8.0
0,495800,INTARIAN_PEPPER_ROOT,1,4,-4.0,-7.0
0,498900,ASH_COATED_OSMIUM,1,8,-8.0,-9.5
0,500000,ASH_COATED_OSMIUM,1,4,-4.0,-9.5
0,500000,INTARIAN_PEPPER_ROOT,1,3,-3.0,-2.0
0,501300,INTARIAN_PEPPER_ROOT,1,7,-7.0,-1.5
0,502100,ASH_COATED_OSMIUM,1,4,-4.0,-8.0
0,502700,ASH_COATED_OSMIUM,1,2,2.0,8.0
0,503100,ASH_COATED_OSMIUM,1,3,3.0,2.5
0,503300,INTARIAN_PEPPER_ROOT,1,6,-6.0,-6.5
0,507800,INTARIAN_PEPPER_ROOT,1,3,-3.0,-7.0
0,509700,INTARIAN_PEPPER_ROOT,1,7,-7.0,-8.5
0,511000,ASH_COATED_OSMIUM,1,4,-4.0,-9.0
0,511700,ASH_COATED_OSMIUM,1,6,6.0,8.0
0,512500,ASH_COATED_OSMIUM,1,4,4.0,9.5
0,512800,ASH_COATED_OSMIUM,1,7,0.0,0.0
0,512800,INTARIAN_PEPPER_ROOT,1,5,5.0,7.0
0,514300,ASH_COATED_OSMIUM,1,5,-5.0,-9.0
0,516100,ASH_COATED_OSMIUM,1,5,5.0,8.0
0,517200,ASH_COATED_OSMIUM,1,5,5.0,9.0
0,519200,INTARIAN_PEPPER_ROOT,1,7,7.0,8.5
0,520100,ASH_COATED_OSMIUM,1,6,6.0,8.0
0,520700,INTARIAN_PEPPER_ROOT,1,5,-5.0,-8.5
0,521600,INTARIAN_PEPPER_ROOT,1,5,-5.0,-6.5
0,521800,ASH_COATED_OSMIUM,1,4,-4.0,-9.0
0,522500,ASH_COATED_OSMIUM,1,5,5.0,5.0
0,525700,ASH_COATED_OSMIUM,1,4,-4.0,-8.0
0,531600,INTARIAN_PEPPER_ROOT,1,4,-4.0,-6.5
0,532300,ASH_COATED_OSMIUM,1,3,-3.0,-8.0
0,536100,ASH_COATED_OSMIUM,1,6,-6.0,-8.0
0,536700,INTARIAN_PEPPER_ROOT,1,3,3.0,8.0
0,537200,ASH_COATED_OSMIUM,1,3,3.0,8.0
0,539900,INTARIAN_PEPPER_ROOT,1,6,-6.0,-7.0
0,540100,ASH_COATED_OSMIUM,1,2,2.0,8.0
0,544700,INTARIAN_PEPPER_ROOT,1,8,-8.0,-1.5
0,545100,INTARIAN_PEPPER_ROOT,1,7,7.0,7.0
0,547300,ASH_COATED_OSMIUM,1,9,-9.0,-9.0
0,552900,ASH_COATED_OSMIUM,1,10,-10.0,-8.0
0,554400,ASH_COATED_OSMIUM,1,10,-10.0,-8.0
0,555700,INTARIAN_PEPPER_ROOT,1,7,7.0,1.0
0,556000,INTARIAN_PEPPER_ROOT,1,3,-3.0,-7.0
0,556700,ASH_COATED_OSMIUM,1,2,-2.0,-8.0
0,556700,INTARIAN_PEPPER_ROOT,1,8,8.0,1.0
0,556800,INTARIAN_PEPPER_ROOT,1,3,3.0,7.0
0,557700,ASH_COATED_OSMIUM,1,8,-8.0,-8.0
0,560300,ASH_COATED_OSMIUM,1,6,6.0,8.0
0,561300,INTARIAN_PEPPER_ROOT,1,3,3.0,1.0
0,563700,ASH_COATED_OSMIUM,1,3,3.0,8.0
0,564900,INTARIAN_PEPPER_ROOT,1,6,6.0,3.0
0,566100,INTARIAN_PEPPER_ROOT,1,3,3.0,1.5
0,566600,ASH_COATED_OSMIUM,1,7,7.0,8.0
0,566700,INTARIAN_PEPPER_ROOT,1,3,-3.0,-6.5
0,567300,ASH_COATED_OSMIUM,1,10,-10.0,-8.0
0,570000,INTARIAN_PEPPER_ROOT,1,5,5.0,7.0
0,573000,ASH_COATED_OSMIUM,1,3,3.0,8.0
0,573500,INTARIAN_PEPPER_ROOT,1,5,5.0,1.0
0,574000,ASH_COATED_OSMIUM,1,2,-2.0,-8.0
0,574100,ASH_COATED_OSMIUM,1,5,5.0,8.0
0,574300,ASH_COATED_OSMIUM,1,3,-3.0,-9.0
0,579600,INTARIAN_PEPPER_ROOT,1,7,7.0,8.5
0,579800,INTARIAN_PEPPER_ROOT,1,7,7.0,7.0
0,580300,INTARIAN_PEPPER_ROOT,1,7,0.0,0.0
0,582300,INTARIAN_PEPPER_ROOT,1,5,-5.0,-6.5
0,583900,ASH_COATED_OSMIUM,1,7,7.0,8.0
0,584000,ASH_COATED_OSMIUM,1,8,8.0,8.0
0,584400,INTARIAN_PEPPER_ROOT,1,4,4.0,6.5
0,585300,INTARIAN_PEPPER_ROOT,1,5,-5.0,-6.5
0,590100,ASH_COATED_OSMIUM,1,3,3.0,9.0
0,590400,INTARIAN_PEPPER_ROOT,1,3,3.0,8.0
0,593800,INTARIAN_PEPPER_ROOT,1,3,3.0,8.5
0,594800,ASH_COATED_OSMIUM,1,2,2.0,8.0
0,600500,INTARIAN_PEPPER_ROOT,1,6,-6.0,-6.5
0,600600,ASH_COATED_OSMIUM,1,6,-6.0,-8.0
0,602900,ASH_COATED_OSMIUM,1,2,-2.0,-5.0
0,605900,INTARIAN_PEPPER_ROOT,1,3,-3.0,-8.5
0,607200,ASH_COATED_OSMIUM,1,3,-3.0,-8.0
0,607600,ASH_COATED_OSMIUM,1,5,5.0,8.0
0,610500,INTARIAN_PEPPER_ROOT,1,5,-5.0,-6.5
0,611400,ASH_COATED_OSMIUM,1,6,-6.0,-8.0
0,611700,ASH_COATED_OSMIUM,1,5,-5.0,-8.0
0,612000,ASH_COATED_OSMIUM,1,2,2.0,6.0
0,612300,INTARIAN_PEPPER_ROOT,1,8,8.0,1.5
0,615600,ASH_COATED_OSMIUM,1,5,5.0,8.0
0,619500,INTARIAN_PEPPER_ROOT,1,7,7.0,6.5
0,620700,ASH_COATED_OSMIUM,1,8,0.0,0.0
0,622700,ASH_COATED_OSMIUM,1,4,4.0,10.5
0,623400,INTARIAN_PEPPER_ROOT,1,6,6.0,10.0
0,624500,ASH_COATED_OSMIUM,1,6,-6.0,-9.0
0,628900,ASH_COATED_OSMIUM,1,6,6.0,8.0
0,629200,INTARIAN_PEPPER_ROOT,1,4,0.0,0.0
0,631100,INTARIAN_PEPPER_ROOT,1,6,-6.0,-8.5
0,632100,ASH_COATED_OSMIUM,1,5,5.0,8.0
0,634000,ASH_COATED_OSMIUM,1,2,-2.0,-8.0
0,634400,INTARIAN_PEPPER_ROOT,1,5,-5.0,-1.5
0,634500,INTARIAN_PEPPER_ROOT,1,6,0.0,0.0
0,636500,INTARIAN_PEPPER_ROOT,1,5,-5.0,-6.5
0,637100,INTARIAN_PEPPER_ROOT,1,6,6.0,8.5
0,639000,INTARIAN_PEPPER_ROOT,1,4,4.0,7.0
0,639100,ASH_COATED_OSMIUM,1,8,8.0,8.0
0,639300,INTARIAN_PEPPER_ROOT,1,3,-3.0,-7.0
0,640000,INTARIAN_PEPPER_ROOT,1,4,-4.0,-7.0
0,640200,INTARIAN_PEPPER_ROOT,1,6,6.0,7.0
0,640400,ASH_COATED_OSMIUM,1,4,-4.0,-8.0
0,641500,INTARIAN_PEPPER_ROOT,1,5,-5.0,-1.5
0,641800,ASH_COATED_OSMIUM,1,5,5.0,8.0
0,642300,INTARIAN_PEPPER_ROOT,1,4,4.0,8.5
0,642700,ASH_COATED_OSMIUM,1,6,6.0,10.5
0,643100,INTARIAN_PEPPER_ROOT,1,5,-5.0,-7.0
0,644100,ASH_COATED_OSMIUM,1,6,0.0,0.0
0,645400,ASH_COATED_OSMIUM,1,2,0.0,0.0
0,645700,ASH_COATED_OSMIUM,1,8,0.0,0.0
0,646000,INTARIAN_PEPPER_ROOT,1,4,4.0,8.5
0,647300,ASH_COATED_OSMIUM,1,5,5.0,9.0
0,650200,INTARIAN_PEPPER_ROOT,1,6,6.0,5.5
0,650400,ASH_COATED_OSMIUM,1,4,-4.0,-8.0
0,653200,INTARIAN_PEPPER_ROOT,1,6,6.0,8.5
0,653900,ASH_COATED_OSMIUM,1,6,-6.0,-9.0
0,654800,ASH_COATED_OSMIUM,1,6,-6.0,-8.0
0,655900,ASH_COATED_OSMIUM,1,3,-3.0,-8.0
0,656600,INTARIAN_PEPPER_ROOT,1,6,6.0,6.5
0,656900,ASH_COATED_OSMIUM,1,10,-10.0,-8.0
0,658000,ASH_COATED_OSMIUM,1,3,-3.0,-9.0
0,658300,ASH_COATED_OSMIUM,1,2,0.0,0.0
0,658400,ASH_COATED_OSMIUM,1,9,9.0,8.0
0,660200,ASH_COATED_OSMIUM,1,4,4.0,8.0
0,660600,INTARIAN_PEPPER_ROOT,1,3,-3.0,-6.5
0,666100,INTARIAN_PEPPER_ROOT,1,4,4.0,10.0
0,666400,ASH_COATED_OSMIUM,1,4,-4.0,-9.0
0,666800,ASH_COATED_OSMIUM,1,5,-5.0,-8.0
0,668000,ASH_COATED_OSMIUM,1,2,2.0,8.0
0,668400,INTARIAN_PEPPER_ROOT,1,4,4.0,6.5
0,670000,INTARIAN_PEPPER_ROOT,1,7,7.0,7.0
0,672400,INTARIAN_PEPPER_ROOT,1,3,-3.0,-8.5
0,673600,ASH_COATED_OSMIUM,1,10,-10.0,-8.0
0,673600,INTARIAN_PEPPER_ROOT,1,6,-6.0,-1.5
0,676800,ASH_COATED_OSMIUM,1,4,-4.0,-8.0
0,677100,ASH_COATED_OSMIUM,1,2,0.0,0.0
0,677700,INTARIAN_PEPPER_ROOT,1,4,-4.0,-8.5
0,678000,INTARIAN_PEPPER_ROOT,1,3,-3.0,-8.5
0,679200,ASH_COATED_OSMIUM,1,5,5.0,9.0
0,681200,ASH_COATED_OSMIUM,1,9,9.0,8.0
0,681900,ASH_COATED_OSMIUM,1,3,-3.0,-5.0
0,681900,INTARIAN_PEPPER_ROOT,1,7,7.0,7.0
0,682900,ASH_COATED_OSMIUM,1,4,4.0,8.0
0,683100,INTARIAN_PEPPER_ROOT,1,4,4.0,7.0
0,685400,ASH_COATED_OSMIUM,1,7,7.0,9.0
0,687500,INTARIAN_PEPPER_ROOT,1,4,-4.0,-6.5
0,687700,INTARIAN_PEPPER_ROOT,1,7,0.0,0.0
0,688200,INTARIAN_PEPPER_ROOT,1,3,3.0,8.5
0,689500,ASH_COATED_OSMIUM,1,6,6.0,8.0
0,690100,INTARIAN_PEPPER_ROOT,1,6,6.0,8.5
0,690300,ASH_COATED_OSMIUM,1,5,-5.0,-8.0
0,690400,INTARIAN_PEPPER_ROOT,1,3,-3.0,-8.5
0,690500,INTARIAN_PEPPER_ROOT,1,3,3.0,6.5
0,690600,INTARIAN_PEPPER_ROOT,1,5,-5.0,-1.5
0,690800,ASH_COATED_OSMIUM,1,4,-4.0,-9.0
0,691800,INTARIAN_PEPPER_ROOT,1,7,-7.0,-8.5
0,692200,INTARIAN_PEPPER_ROOT,1,4,-4.0,-8.5
0,699700,ASH_COATED_OSMIUM,1,4,4.0,4.5
0,699900,ASH_COATED_OSMIUM,1,6,6.0,5.5
0,700300,ASH_COATED_OSMIUM,1,6,6.0,8.0
0,700400,ASH_COATED_OSMIUM,1,3,-3.0,-9.5
0,701000,INTARIAN_PEPPER_ROOT,1,4,4.0,1.5
0,702100,INTARIAN_PEPPER_ROOT,1,7,7.0,2.0
0,703000,INTARIAN_PEPPER_ROOT,1,5,-5.0,-7.0
0,703100,ASH_COATED_OSMIUM,1,4,-4.0,-8.0
0,703900,ASH_COATED_OSMIUM,1,2,-2.0,-2.5
0,705400,ASH_COATED_OSMIUM,1,7,-7.0,-8.0
0,707800,ASH_COATED_OSMIUM,1,5,0.0,0.0
0,708700,ASH_COATED_OSMIUM,1,6,-6.0,-8.0
0,708800,INTARIAN_PEPPER_ROOT,1,4,0.0,0.0
0,710200,ASH_COATED_OSMIUM,1,8,8.0,10.5
0,712100,ASH_COATED_OSMIUM,1,5,5.0,8.0
0,714900,ASH_COATED_OSMIUM,1,5,5.0,2.5
0,717400,INTARIAN_PEPPER_ROOT,1,4,4.0,8.5
0,720400,ASH_COATED_OSMIUM,1,4,4.0,8.0
0,722300,INTARIAN_PEPPER_ROOT,1,4,-4.0,-3.0
0,723100,ASH_COATED_OSMIUM,1,6,-6.0,-8.0
0,724700,INTARIAN_PEPPER_ROOT,1,4,4.0,8.5
0,725700,ASH_COATED_OSMIUM,1,8,-8.0,-8.0
0,726200,ASH_COATED_OSMIUM,1,5,-5.0,-8.0
0,727400,INTARIAN_PEPPER_ROOT,1,6,6.0,6.5
0,727600,INTARIAN_PEPPER_ROOT,1,3,3.0,6.5
0,728600,INTARIAN_PEPPER_ROOT,1,5,0.0,0.0
0,729100,ASH_COATED_OSMIUM,1,8,8.0,9.0
0,729300,ASH_COATED_OSMIUM,1,5,-5.0,-8.0
0,730400,ASH_COATED_OSMIUM,1,6,6.0,8.0
0,730500,ASH_COATED_OSMIUM,1,5,-5.0,-9.5
0,731200,ASH_COATED_OSMIUM,1,9,9.0,8.0
0,733700,INTARIAN_PEPPER_ROOT,1,3,3.0,8.5
0,734800,ASH_COATED_OSMIUM,1,5,5.0,8.0
0,734900,ASH_COATED_OSMIUM,1,5,-5.0,-9.0
0,736500,ASH_COATED_OSMIUM,1,5,5.0,8.0
0,737500,INTARIAN_PEPPER_ROOT,1,3,-3.0,-1.5
0,739200,ASH_COATED_OSMIUM,1,6,6.0,8.0
0,739500,ASH_COATED_OSMIUM,1,10,-10.0,-9.0
0,742000,ASH_COATED_OSMIUM,1,5,5.0,8.0
0,742000,INTARIAN_PEPPER_ROOT,1,8,8.0,1.5
0,743500,ASH_COATED_OSMIUM,1,4,-4.0,-8.0
0,745200,ASH_COATED_OSMIUM,1,6,-6.0,-8.0
0,745700,ASH_COATED_OSMIUM,1,4,-4.0,-9.0
0,746100,ASH_COATED_OSMIUM,1,8,8.0,8.0
0,750200,ASH_COATED_OSMIUM,1,4,0.0,0.0
0,751900,ASH_COATED_OSMIUM,1,4,0.0,0.0
0,753100,INTARIAN_PEPPER_ROOT,1,7,7.0,7.0
0,753700,ASH_COATED_OSMIUM,1,3,3.0,5.0
0,754000,ASH_COATED_OSMIUM,1,5,5.0,9.5
0,755500,ASH_COATED_OSMIUM,1,4,4.0,9.5
0,755700,INTARIAN_PEPPER_ROOT,1,7,-7.0,-7.0
0,755900,INTARIAN_PEPPER_ROOT,1,3,3.0,8.5
0,756200,ASH_COATED_OSMIUM,1,6,-6.0,-8.0
0,756600,ASH_COATED_OSMIUM,1,9,-9.0,-8.0
0,756900,ASH_COATED_OSMIUM,1,5,-5.0,-8.0
0,757200,ASH_COATED_OSMIUM,1,9,-9.0,-8.0
0,758300,ASH_COATED_OSMIUM,1,6,-6.0,-9.0
0,761800,INTARIAN_PEPPER_ROOT,1,7,7.0,2.5
0,763200,INTARIAN_PEPPER_ROOT,1,4,4.0,7.0
0,763700,ASH_COATED_OSMIUM,1,6,-6.0,-9.0
0,763800,INTARIAN_PEPPER_ROOT,1,6,6.0,7.0
0,763900,ASH_COATED_OSMIUM,1,8,-8.0,-9.5
0,764500,INTARIAN_PEPPER_ROOT,1,5,-5.0,-6.5
0,766000,INTARIAN_PEPPER_ROOT,1,4,-4.0,-3.5
0,767000,ASH_COATED_OSMIUM,1,9,9.0,8.0
0,770300,INTARIAN_PEPPER_ROOT,1,4,-4.0,-7.0
0,775000,ASH_COATED_OSMIUM,1,4,4.0,2.5
0,775500,INTARIAN_PEPPER_ROOT,1,7,-7.0,-1.5
0,777000,INTARIAN_PEPPER_ROOT,1,6,-6.0,-7.0
0,777200,ASH_COATED_OSMIUM,1,10,10.0,8.0
0,777200,INTARIAN_PEPPER_ROOT,1,5,-5.0,-8.5
0,779900,ASH_COATED_OSMIUM,1,2,2.0,8.0
0,782500,ASH_COATED_OSMIUM,1,7,7.0,9.5
0,785300,INTARIAN_PEPPER_ROOT,1,3,-3.0,-10.0
0,787000,INTARIAN_PEPPER_ROOT,1,6,-6.0,-2.0
0,787500,INTARIAN_PEPPER_ROOT,1,4,0.0,0.0
0,788000,ASH_COATED_OSMIUM,1,5,5.0,10.5
0,789500,ASH_COATED_OSMIUM,1,2,-2.0,-8.0
0,791700,ASH_COATED_OSMIUM,1,5,-5.0,-9.0
0,792300,ASH_COATED_OSMIUM,1,10,10.0,8.0
0,793700,ASH_COATED_OSMIUM,1,10,0.0,0.0
0,793900,INTARIAN_PEPPER_ROOT,1,4,4.0,7.0
0,796100,INTARIAN_PEPPER_ROOT,1,5,-5.0,-2.0
0,796300,ASH_COATED_OSMIUM,1,4,-4.0,-9.5
0,796500,INTARIAN_PEPPER_ROOT,1,5,-5.0,-6.5
0,796600,INTARIAN_PEPPER_ROOT,1,7,-7.0,-3.5
0,798600,INTARIAN_PEPPER_ROOT,1,5,5.0,6.5
0,802000,ASH_COATED_OSMIUM,1,5,5.0,4.5
0,802400,ASH_COATED_OSMIUM,1,3,3.0,4.0
0,803100,ASH_COATED_OSMIUM,1,5,5.0,8.0
0,805000,ASH_COATED_OSMIUM,1,6,6.0,8.0
0,805800,ASH_COATED_OSMIUM,1,2,-2.0,-8.0
0,806300,INTARIAN_PEPPER_ROOT,1,7,-7.0,-8.5
0,806400,INTARIAN_PEPPER_ROOT,1,3,3.0,10.5
0,810500,ASH_COATED_OSMIUM,1,2,2.0,9.5
0,811900,INTARIAN_PEPPER_ROOT,1,6,-6.0,-8.5
0,813200,INTARIAN_PEPPER_ROOT,1,3,-3.0,-8.5
0,815400,ASH_COATED_OSMIUM,1,4,4.0,9.5
0,815900,INTARIAN_PEPPER_ROOT,1,3,-3.0,-2.0
0,821100,ASH_COATED_OSMIUM,1,8,8.0,8.0
0,823200,ASH_COATED_OSMIUM,1,5,5.0,5.0
0,823500,INTARIAN_PEPPER_ROOT,1,8,-8.0,-1.5
0,825200,INTARIAN_PEPPER_ROOT,1,4,-4.0,-1.5
0,825700,INTARIAN_PEPPER_ROOT,1,6,-6.0,-2.0
0,829800,INTARIAN_PEPPER_ROOT,1,7,-7.0,-8.5
0,832700,ASH_COATED_OSMIUM,1,5,-5.0,-9.5
0,833300,INTARIAN_PEPPER_ROOT,1,7,-7.0,-8.5
0,833400,INTARIAN_PEPPER_ROOT,1,3,-3.0,-8.5
0,835700,ASH_COATED_OSMIUM,1,8,8.0,8.0
0,836800,ASH_COATED_OSMIUM,1,7,0.0,0.0
0,837300,INTARIAN_PEPPER_ROOT,1,3,0.0,0.0
0,839500,ASH_COATED_OSMIUM,1,4,4.0,9.0
0,839500,INTARIAN_PEPPER_ROOT,1,6,6.0,6.5
0,840900,INTARIAN_PEPPER_ROOT,1,8,8.0,3.0
0,841500,ASH_COATED_OSMIUM,1,6,-6.0,-8.0
0,842800,ASH_COATED_OSMIUM,1,5,5.0,8.0
0,842900,INTARIAN_PEPPER_ROOT,1,3,-3.0,-7.0
0,843100,ASH_COATED_OSMIUM,1,5,-5.0,-8.0
0,843200,ASH_COATED_OSMIUM,1,4,-4.0,-8.0
0,844300,INTARIAN_PEPPER_ROOT,1,7,-7.0,-1.5
0,844800,INTARIAN_PEPPER_ROOT,1,5,5.0,1.0
0,845100,ASH_COATED_OSMIUM,1,3,3.0,9.5
0,845400,ASH_COATED_OSMIUM,1,3,3.0,8.0
0,845400,INTARIAN_PEPPER_ROOT,1,7,7.0,1.5
0,846200,INTARIAN_PEPPER_ROOT,1,4,-4.0,-7.0
0,846700,ASH_COATED_OSMIUM,1,2,0.0,0.0
0,846700,INTARIAN_PEPPER_ROOT,1,6,6.0,8.5
0,847200,INTARIAN_PEPPER_ROOT,1,5,5.0,7.0
0,847500,ASH_COATED_OSMIUM,1,8,8.0,8.0
0,847800,ASH_COATED_OSMIUM,1,7,-7.0,-8.0
0,848300,ASH_COATED_OSMIUM,1,5,-5.0,-9.0
0,852100,ASH_COATED_OSMIUM,1,3,-3.0,-9.5
0,852300,ASH_COATED_OSMIUM,1,3,-3.0,-8.0
0,854300,INTARIAN_PEPPER_ROOT,1,3,3.0,7.0
0,857700,INTARIAN_PEPPER_ROOT,1,4,-4.0,-7.0
0,858500,INTARIAN_PEPPER_ROOT,1,6,-6.0,-6.5
0,859500,ASH_COATED_OSMIUM,1,4,-4.0,-8.0
0,861000,INTARIAN_PEPPER_ROOT,1,4,4.0,1.5
0,861600,ASH_COATED_OSMIUM,1,2,2.0,4.0
0,861900,INTARIAN_PEPPER_ROOT,1,7,-7.0,-7.0
0,864800,ASH_COATED_OSMIUM,1,8,8.0,8.0
0,865000,ASH_COATED_OSMIUM,1,6,-6.0,-8.0
0,867600,ASH_COATED_OSMIUM,1,3,-3.0,-8.0
0,870000,INTARIAN_PEPPER_ROOT,1,7,7.0,10.0
0,870700,ASH_COATED_OSMIUM,1,5,5.0,5.5
0,871300,ASH_COATED_OSMIUM,1,2,-2.0,-8.0
0,871500,ASH_COATED_OSMIUM,1,2,2.0,8.0
0,874000,ASH_COATED_OSMIUM,1,5,-5.0,-8.0
0,875400,ASH_COATED_OSMIUM,1,5,-5.0,-8.0
0,875800,INTARIAN_PEPPER_ROOT,1,3,-3.0,-7.0
0,877900,ASH_COATED_OSMIUM,1,7,-7.0,-8.0
0,878000,ASH_COATED_OSMIUM,1,5,5.0,8.0
0,878000,INTARIAN_PEPPER_ROOT,1,4,4.0,1.5
0,880600,ASH_COATED_OSMIUM,1,4,-4.0,-8.0
0,881200,INTARIAN_PEPPER_ROOT,1,4,-4.0,-1.5
0,883700,INTARIAN_PEPPER_ROOT,1,5,-5.0,-7.0
0,886000,INTARIAN_PEPPER_ROOT,1,3,-3.0,-3.5
0,887000,INTARIAN_PEPPER_ROOT,1,4,-4.0,-2.0
0,887700,ASH_COATED_OSMIUM,1,6,6.0,8.0
0,887900,INTARIAN_PEPPER_ROOT,1,4,0.0,0.0
0,889300,INTARIAN_PEPPER_ROOT,1,4,4.0,7.0
0,891200,INTARIAN_PEPPER_ROOT,1,7,7.0,8.5
0,891400,INTARIAN_PEPPER_ROOT,1,4,-4.0,-1.5
0,892900,ASH_COATED_OSMIUM,1,8,8.0,8.0
0,893000,ASH_COATED_OSMIUM,1,4,-4.0,-9.5
0,898100,INTARIAN_PEPPER_ROOT,1,8,8.0,3.0
0,899200,ASH_COATED_OSMIUM,1,5,5.0,9.0
0,899500,INTARIAN_PEPPER_ROOT,1,6,6.0,6.5
0,901500,ASH_COATED_OSMIUM,1,8,8.0,3.0
0,904500,ASH_COATED_OSMIUM,1,3,3.0,8.0
0,904900,ASH_COATED_OSMIUM,1,4,-4.0,-9.0
0,905000,ASH_COATED_OSMIUM,1,10,-10.0,-9.0
0,905100,INTARIAN_PEPPER_ROOT,1,5,5.0,8.5
0,905700,ASH_COATED_OSMIUM,1,5,5.0,9.0
0,907600,INTARIAN_PEPPER_ROOT,1,6,6.0,7.0
0,907700,INTARIAN_PEPPER_ROOT,1,7,7.0,7.0
0,909200,ASH_COATED_OSMIUM,1,4,-4.0,-9.0
0,909900,ASH_COATED_OSMIUM,1,8,8.0,9.0
0,911000,ASH_COATED_OSMIUM,1,2,0.0,0.0
0,911000,INTARIAN_PEPPER_ROOT,1,5,-5.0,-7.0
0,912200,ASH_COATED_OSMIUM,1,3,3.0,8.0
0,912600,INTARIAN_PEPPER_ROOT,1,7,7.0,7.0
0,914900,INTARIAN_PEPPER_ROOT,1,5,5.0,7.0
0,917900,ASH_COATED_OSMIUM,1,5,5.0,8.0
0,918600,INTARIAN_PEPPER_ROOT,1,7,7.0,7.0
0,918800,ASH_COATED_OSMIUM,1,3,-3.0,-4.0
0,920500,ASH_COATED_OSMIUM,1,3,3.0,8.0
0,920500,INTARIAN_PEPPER_ROOT,1,4,4.0,6.5
0,921100,INTARIAN_PEPPER_ROOT,1,5,5.0,7.0
0,921200,ASH_COATED_OSMIUM,1,10,10.0,9.0
0,922700,INTARIAN_PEPPER_ROOT,1,3,3.0,7.0
0,922800,INTARIAN_PEPPER_ROOT,1,7,-7.0,-8.5
0,923300,ASH_COATED_OSMIUM,1,3,-3.0,-9.5
0,923800,ASH_COATED_OSMIUM,1,4,-4.0,-3.0
0,927200,INTARIAN_PEPPER_ROOT,1,3,-3.0,-1.5
0,928100,ASH_COATED_OSMIUM,1,3,-3.0,-8.0
0,928700,ASH_COATED_OSMIUM,1,4,-4.0,-9.0
0,929300,ASH_COATED_OSMIUM,1,2,2.0,8.0
0,930600,ASH_COATED_OSMIUM,1,6,-6.0,-8.0
0,932600,ASH_COATED_OSMIUM,1,10,10.0,9.0
0,933700,INTARIAN_PEPPER_ROOT,1,6,6.0,7.0
0,933900,ASH_COATED_OSMIUM,1,3,3.0,8.0
0,935900,ASH_COATED_OSMIUM,1,8,-8.0,-8.0
0,936600,INTARIAN_PEPPER_ROOT,1,8,8.0,1.0
0,938100,INTARIAN_PEPPER_ROOT,1,6,-6.0,-7.0
0,938700,ASH_COATED_OSMIUM,1,2,0.0,0.0
0,939200,ASH_COATED_OSMIUM,1,6,6.0,8.0
0,939500,ASH_COATED_OSMIUM,1,9,9.0,9.0
0,942700,INTARIAN_PEPPER_ROOT,1,3,3.0,1.0
0,946100,ASH_COATED_OSMIUM,1,10,-10.0,-9.5
0,947900,INTARIAN_PEPPER_ROOT,1,5,5.0,1.5
0,948000,INTARIAN_PEPPER_ROOT,1,6,-6.0,-7.0
0,948200,INTARIAN_PEPPER_ROOT,1,6,6.0,8.5
0,948400,ASH_COATED_OSMIUM,1,7,7.0,8.0
0,949200,ASH_COATED_OSMIUM,1,2,2.0,9.0
0,949900,INTARIAN_PEPPER_ROOT,1,4,4.0,8.5
0,956200,ASH_COATED_OSMIUM,1,3,-3.0,-8.0
0,957400,INTARIAN_PEPPER_ROOT,1,5,5.0,1.5
0,958100,INTARIAN_PEPPER_ROOT,1,6,6.0,7.0
0,959100,INTARIAN_PEPPER_ROOT,1,3,-3.0,-2.0
0,960000,ASH_COATED_OSMIUM,1,4,-4.0,-9.0
0,964000,ASH_COATED_OSMIUM,1,3,3.0,8.0
0,965000,INTARIAN_PEPPER_ROOT,1,7,-7.0,-8.5
0,965600,INTARIAN_PEPPER_ROOT,1,5,-5.0,-8.5
0,966200,INTARIAN_PEPPER_ROOT,1,5,-5.0,-7.0
0,970000,INTARIAN_PEPPER_ROOT,1,8,8.0,1.5
0,970900,ASH_COATED_OSMIUM,1,5,5.0,8.0
0,973900,INTARIAN_PEPPER_ROOT,1,5,5.0,10.0
0,974600,ASH_COATED_OSMIUM,1,4,4.0,8.0
0,974600,INTARIAN_PEPPER_ROOT,1,7,-7.0,-7.0
0,975100,ASH_COATED_OSMIUM,1,2,-2.0,-8.0
0,975500,ASH_COATED_OSMIUM,1,3,3.0,8.0
0,976500,ASH_COATED_OSMIUM,1,6,-6.0,-8.0
0,976500,INTARIAN_PEPPER_ROOT,1,5,5.0,6.5
0,976900,INTARIAN_PEPPER_ROOT,1,3,3.0,8.5
0,977200,INTARIAN_PEPPER_ROOT,1,5,5.0,1.5
0,978400,INTARIAN_PEPPER_ROOT,1,6,6.0,1.5
0,980800,ASH_COATED_OSMIUM,1,5,5.0,8.0
0,983000,INTARIAN_PEPPER_ROOT,1,6,-6.0,-7.0
0,984100,ASH_COATED_OSMIUM,1,4,4.0,8.0
0,985300,ASH_COATED_OSMIUM,1,3,-3.0,-9.0
0,986200,ASH_COATED_OSMIUM,1,3,3.0,8.0
0,986800,ASH_COATED_OSMIUM,1,6,-6.0,-8.0
0,987100,ASH_COATED_OSMIUM,1,6,6.0,8.0
0,987600,INTARIAN_PEPPER_ROOT,1,3,-3.0,-7.0
0,988900,ASH_COATED_OSMIUM,1,2,-2.0,-9.5
0,989900,INTARIAN_PEPPER_ROOT,1,4,-4.0,-7.0
0,991100,INTARIAN_PEPPER_ROOT,1,6,-6.0,-7.0
0,991400,ASH_COATED_OSMIUM,1,9,-9.0,-8.0
0,993300,ASH_COATED_OSMIUM,1,5,-5.0,-8.0
0,994400,INTARIAN_PEPPER_ROOT,1,3,-3.0,-7.0
0,995200,ASH_COATED_OSMIUM,1,6,6.0,8.0
1,0,ASH_COATED_OSMIUM,1,6,-6.0,-8.0
1,3600,ASH_COATED_OSMIUM,1,3,3.0,8.0
1,4200,ASH_COATED_OSMIUM,1,2,2.0,8.0
1,4400,INTARIAN_PEPPER_ROOT,1,5,5.0,7.0
1,4800,INTARIAN_PEPPER_ROOT,1,3,3.0,5.5
1,5000,INTARIAN_PEPPER_ROOT,1,5,0.0,0.0
1,9100,ASH_COATED_OSMIUM,1,4,-4.0,-5.0
1,9600,ASH_COATED_OSMIUM,1,6,-6.0,-8.0
1,10000,ASH_COATED_OSMIUM,1,8,-8.0,-8.0
1,12100,ASH_COATED_OSMIUM,1,5,0.0,0.0
1,14000,ASH_COATED_OSMIUM,1,3,0.0,0.0
1,15100,ASH_COATED_OSMIUM,2,10,10.0,9.5
1,17400,INTARIAN_PEPPER_ROOT,1,3,3.0,1.5
1,18500,ASH_COATED_OSMIUM,1,6,6.0,9.5
1,23000,INTARIAN_PEPPER_ROOT,1,4,-4.0,-7.0
1,23100,INTARIAN_PEPPER_ROOT,1,4,4.0,1.5
1,23900,ASH_COATED_OSMIUM,1,4,-4.0,-9.5
1,24300,ASH_COATED_OSMIUM,1,4,-4.0,-8.0
1,24600,ASH_COATED_OSMIUM,1,3,-3.0,-8.0
1,30400,ASH_COATED_OSMIUM,1,2,2.0,8.0
1,30400,INTARIAN_PEPPER_ROOT,1,6,6.0,7.0
1,32800,ASH_COATED_OSMIUM,1,4,-4.0,-3.0
1,33300,INTARIAN_PEPPER_ROOT,1,7,-7.0,-1.5
1,34000,ASH_COATED_OSMIUM,1,7,7.0,8.0
1,34400,INTARIAN_PEPPER_ROOT,1,3,3.0,7.0
1,34500,ASH_COATED_OSMIUM,1,8,-8.0,-9.0
1,35700,INTARIAN_PEPPER_ROOT,2,10,4.0,0.0
1,35800,INTARIAN_PEPPER_ROOT,1,7,7.0,2.5
1,36500,ASH_COATED_OSMIUM,1,3,3.0,8.0
1,37900,ASH_COATED_OSMIUM,1,4,-4.0,-8.0
1,38400,ASH_COATED_OSMIUM,1,3,3.0,8.0
1,38500,INTARIAN_PEPPER_ROOT,1,5,-5.0,-9.0
1,39100,ASH_COATED_OSMIUM,1,6,6.0,8.0
1,39900,ASH_COATED_OSMIUM,1,7,7.0,8.0
1,41500,ASH_COATED_OSMIUM,1,5,5.0,8.0
1,42800,INTARIAN_PEPPER_ROOT,1,5,5.0,8.5
1,44700,INTARIAN_PEPPER_ROOT,1,8,8.0,1.0
1,50900,ASH_COATED_OSMIUM,1,5,-5.0,-8.0
1,51400,INTARIAN_PEPPER_ROOT,1,4,-4.0,-8.5
1,52600,INTARIAN_PEPPER_ROOT,1,8,-8.0,-3.5
1,54600,ASH_COATED_OSMIUM,1,6,-6.0,-9.5
1,57000,INTARIAN_PEPPER_ROOT,1,4,4.0,8.5
1,58400,ASH_COATED_OSMIUM,1,3,-3.0,-8.0
1,59500,ASH_COATED_OSMIUM,1,2,2.0,10.5
1,61700,INTARIAN_PEPPER_ROOT,1,6,6.0,7.0
1,62000,ASH_COATED_OSMIUM,1,6,6.0,8.0
1,63700,ASH_COATED_OSMIUM,1,2,-2.0,-8.0
1,64300,INTARIAN_PEPPER_ROOT,1,3,3.0,1.5
1,64900,ASH_COATED_OSMIUM,1,4,0.0,0.0
1,65300,ASH_COATED_OSMIUM,1,2,-2.0,-8.0
1,68000,ASH_COATED_OSMIUM,1,3,3.0,9.0
1,70400,INTARIAN_PEPPER_ROOT,1,5,-5.0,-1.5
1,71500,INTARIAN_PEPPER_ROOT,1,4,4.0,1.5
1,73700,INTARIAN_PEPPER_ROOT,1,4,-4.0,-7.0
1,76300,ASH_COATED_OSMIUM,1,6,-6.0,-8.0
1,76500,ASH_COATED_OSMIUM,1,8,8.0,6.5
1,77200,INTARIAN_PEPPER_ROOT,1,3,-3.0,-9.0
1,80200,INTARIAN_PEPPER_ROOT,1,5,-5.0,-7.0
1,83000,INTARIAN_PEPPER_ROOT,1,6,-6.0,-2.0
1,83700,ASH_COATED_OSMIUM,1,2,2.0,8.0
1,84400,INTARIAN_PEPPER_ROOT,1,5,-5.0,-1.5
1,84600,INTARIAN_PEPPER_ROOT,1,6,6.0,7.0
1,84800,INTARIAN_PEPPER_ROOT,1,5,-5.0,-3.5
1,85500,ASH_COATED_OSMIUM,1,7,0.0,0.0
1,85700,ASH_COATED_OSMIUM,1,3,3.0,3.0
1,85900,ASH_COATED_OSMIUM,1,5,-5.0,-8.0
1,87900,ASH_COATED_OSMIUM,1,5,-5.0,-8.0
1,88300,ASH_COATED_OSMIUM,1,2,2.0,9.0
1,90200,ASH_COATED_OSMIUM,1,10,10.0,8.0
1,90800,ASH_COATED_OSMIUM,1,6,-6.0,-8.0
1,91700,INTARIAN_PEPPER_ROOT,1,8,8.0,1.0
1,92500,INTARIAN_PEPPER_ROOT,1,7,7.0,7.5
1,95100,INTARIAN_PEPPER_ROOT,1,8,8.0,1.5
1,96100,ASH_COATED_OSMIUM,1,3,0.0,0.0
1,96900,ASH_COATED_OSMIUM,1,8,8.0,9.5
1,97100,ASH_COATED_OSMIUM,1,6,6.0,8.0
1,106100,ASH_COATED_OSMIUM,1,5,5.0,8.0
1,107000,INTARIAN_PEPPER_ROOT,1,7,7.0,7.0
1,109800,INTARIAN_PEPPER_ROOT,2,7,1.0,0.0
1,110500,INTARIAN_PEPPER_ROOT,1,8,-8.0,-3.5
1,111800,ASH_COATED_OSMIUM,1,5,-5.0,-8.0
1,114900,ASH_COATED_OSMIUM,1,3,-3.0,-9.0
1,116100,ASH_COATED_OSMIUM,1,8,-8.0,-8.0
1,117500,INTARIAN_PEPPER_ROOT,1,6,-6.0,-7.5
1,120100,INTARIAN_PEPPER_ROOT,1,4,4.0,7.0
1,122000,ASH_COATED_OSMIUM,1,10,10.0,8.0
1,122400,INTARIAN_PEPPER_ROOT,1,7,7.0,9.0
1,122500,ASH_COATED_OSMIUM,1,5,5.0,8.0
1,124700,ASH_COATED_OSMIUM,1,2,-2.0,-8.0
1,126600,ASH_COATED_OSMIUM,1,6,-6.0,-8.0
1,126700,ASH_COATED_OSMIUM,1,6,-6.0,-8.0
1,127800,INTARIAN_PEPPER_ROOT,1,3,-3.0,-9.0
1,128000,ASH_COATED_OSMIUM,1,2,2.0,8.0
1,129500,INTARIAN_PEPPER_ROOT,1,3,3.0,7.5
1,130500,ASH_COATED_OSMIUM,1,2,2.0,8.0
1,131000,ASH_COATED_OSMIUM,1,9,9.0,8.0
1,131100,INTARIAN_PEPPER_ROOT,1,4,4.0,10.0
1,131600,ASH_COATED_OSMIUM,1,2,2.0,10.5
1,132300,INTARIAN_PEPPER_ROOT,1,3,-3.0,-7.0
1,134400,INTARIAN_PEPPER_ROOT,1,4,4.0,7.0
1,137900,ASH_COATED_OSMIUM,1,3,3.0,8.0
1,138000,INTARIAN_PEPPER_ROOT,1,4,-4.0,-8.5
1,138700,INTARIAN_PEPPER_ROOT,1,3,-3.0,-2.0
1,139400,ASH_COATED_OSMIUM,1,5,-5.0,-8.0
1,139600,ASH_COATED_OSMIUM,1,6,-6.0,-8.0
1,141900,INTARIAN_PEPPER_ROOT,1,4,-4.0,-7.0
1,142200,ASH_COATED_OSMIUM,2,8,-8.0,-8.0
1,142300,INTARIAN_PEPPER_ROOT,1,6,-6.0,-1.5
1,146900,ASH_COATED_OSMIUM,1,6,6.0,8.0
1,148200,INTARIAN_PEPPER_ROOT,1,7,-7.0,-7.0
1,149500,ASH_COATED_OSMIUM,1,9,9.0,6.5
1,153400,ASH_COATED_OSMIUM,1,5,-5.0,-8.0
1,154800,ASH_COATED_OSMIUM,1,2,-2.0,-8.0
1,155300,ASH_COATED_OSMIUM,1,10,10.0,8.0
1,155500,ASH_COATED_OSMIUM,1,6,6.0,9.5
1,155700,ASH_COATED_OSMIUM,1,7,7.0,9.0
1,158400,ASH_COATED_OSMIUM,1,5,-5.0,-8.0
1,164100,INTARIAN_PEPPER_ROOT,1,5,-5.0,-3.0
1,164200,INTARIAN_PEPPER_ROOT,1,7,7.0,1.5
1,165500,ASH_COATED_OSMIUM,1,4,-4.0,-3.5
1,170300,INTARIAN_PEPPER_ROOT,1,7,7.0,7.0
1,170500,INTARIAN_PEPPER_ROOT,1,7,0.0,0.0
1,172900,ASH_COATED_OSMIUM,1,4,4.0,8.0
1,173300,ASH_COATED_OSMIUM,1,4,4.0,9.5
1,177700,ASH_COATED_OSMIUM,1,10,-10.0,-9.5
1,177900,INTARIAN_PEPPER_ROOT,1,5,-5.0,-7.0
1,181800,ASH_COATED_OSMIUM,1,2,-2.0,-8.0
1,182900,ASH_COATED_OSMIUM,1,5,-5.0,-9.5
1,184700,ASH_COATED_OSMIUM,1,5,-5.0,-3.0
1,185000,ASH_COATED_OSMIUM,1,4,-4.0,-2.5
1,185900,ASH_COATED_OSMIUM,1,10,-10.0,-8.0
1,187000,ASH_COATED_OSMIUM,1,4,-4.0,-9.0
1,190600,ASH_COATED_OSMIUM,1,3,3.0,8.0
1,191800,INTARIAN_PEPPER_ROOT,1,4,-4.0,-7.0
1,192600,ASH_COATED_OSMIUM,1,8,-8.0,-10.5
1,192900,ASH_COATED_OSMIUM,1,10,10.0,8.0
1,194900,INTARIAN_PEPPER_ROOT,1,6,6.0,1.0
1,197300,ASH_COATED_OSMIUM,1,9,-9.0,-9.5
1,198600,INTARIAN_PEPPER_ROOT,1,5,0.0,0.0
1,199400,INTARIAN_PEPPER_ROOT,1,5,5.0,7.0
1,200300,ASH_COATED_OSMIUM,2,16,-16.0,-9.5
1,200600,ASH_COATED_OSMIUM,1,2,2.0,9.0
1,200700,ASH_COATED_OSMIUM,1,8,8.0,8.0
1,200800,ASH_COATED_OSMIUM,1,2,2.0,8.0
1,201900,ASH_COATED_OSMIUM,1,4,-4.0,-9.5
1,204000,INTARIAN_PEPPER_ROOT,1,7,7.0,7.0
1,204600,INTARIAN_PEPPER_ROOT,1,5,0.0,0.0
1,205800,ASH_COATED_OSMIUM,1,2,-2.0,-8.0
1,206600,ASH_COATED_OSMIUM,1,7,-7.0,-9.0
1,207500,INTARIAN_PEPPER_ROOT,1,3,3.0,7.5
1,208900,ASH_COATED_OSMIUM,1,10,-10.0,-9.0
1,210200,ASH_COATED_OSMIUM,1,4,-4.0,-9.5
1,211400,INTARIAN_PEPPER_ROOT,1,7,7.0,1.5
1,212100,INTARIAN_PEPPER_ROOT,1,4,-4.0,-3.5
1,212900,ASH_COATED_OSMIUM,1,6,-6.0,-9.5
1,215000,INTARIAN_PEPPER_ROOT,1,7,7.0,8.5
1,217000,INTARIAN_PEPPER_ROOT,1,5,5.0,7.0
1,217500,INTARIAN_PEPPER_ROOT,1,6,6.0,7.5
1,220600,INTARIAN_PEPPER_ROOT,1,4,4.0,3.0
1,220800,INTARIAN_PEPPER_ROOT,1,6,-6.0,-2.0
1,223100,ASH_COATED_OSMIUM,1,2,2.0,6.5
1,224300,INTARIAN_PEPPER_ROOT,1,3,3.0,7.0
1,224900,ASH_COATED_OSMIUM,1,7,7.0,9.5
1,225000,ASH_COATED_OSMIUM,1,5,5.0,8.0
1,225000,INTARIAN_PEPPER_ROOT,1,7,-7.0,-7.0
1,226200,ASH_COATED_OSMIUM,1,6,-6.0,-8.0
1,227800,ASH_COATED_OSMIUM,1,5,-5.0,-8.0
1,228000,ASH_COATED_OSMIUM,1,5,0.0,0.0
1,229400,ASH_COATED_OSMIUM,1,2,2.0,8.0
1,229800,ASH_COATED_OSMIUM,1,5,5.0,9.5
1,234600,INTARIAN_PEPPER_ROOT,1,4,4.0,7.5
1,235600,ASH_COATED_OSMIUM,1,8,-8.0,-9.0
1,236300,ASH_COATED_OSMIUM,1,4,-4.0,-8.0
1,236700,ASH_COATED_OSMIUM,1,2,-2.0,-8.0
1,236800,ASH_COATED_OSMIUM,1,4,-4.0,-9.0
1,237200,ASH_COATED_OSMIUM,1,5,5.0,8.0
1,237300,ASH_COATED_OSMIUM,1,3,0.0,0.0
1,237500,INTARIAN_PEPPER_ROOT,1,4,4.0,7.5
1,239700,INTARIAN_PEPPER_ROOT,1,7,7.0,7.0
1,241700,ASH_COATED_OSMIUM,1,7,-7.0,-8.0
1,242000,INTARIAN_PEPPER_ROOT,1,7,7.0,7.0
1,243000,ASH_COATED_OSMIUM,1,5,5.0,8.0
1,243400,ASH_COATED_OSMIUM,1,6,6.0,10.5
1,243500,INTARIAN_PEPPER_ROOT,1,4,-4.0,-2.0
1,243700,ASH_COATED_OSMIUM,1,6,6.0,8.0
1,246200,ASH_COATED_OSMIUM,1,9,-9.0,-9.0
1,247800,ASH_COATED_OSMIUM,1,6,-6.0,-3.0
1,248700,INTARIAN_PEPPER_ROOT,1,4,-4.0,-7.0
1,251900,ASH_COATED_OSMIUM,1,4,-4.0,-9.0
1,252400,ASH_COATED_OSMIUM,1,7,7.0,7.5
1,258300,ASH_COATED_OSMIUM,1,9,9.0,8.0
1,258600,ASH_COATED_OSMIUM,1,4,4.0,9.5
1,259400,ASH_COATED_OSMIUM,1,8,-8.0,-8.0
1,260100,INTARIAN_PEPPER_ROOT,1,5,5.0,7.0
1,260500,ASH_COATED_OSMIUM,1,7,7.0,8.0
1,260800,ASH_COATED_OSMIUM,1,2,2.0,8.0
1,261500,ASH_COATED_OSMIUM,1,2,-2.0,-8.0
1,264100,INTARIAN_PEPPER_ROOT,1,7,-7.0,-8.5
1,265000,ASH_COATED_OSMIUM,1,8,-8.0,-8.0
1,265100,INTARIAN_PEPPER_ROOT,1,6,6.0,3.0
1,267000,ASH_COATED_OSMIUM,1,9,-9.0,-9.0
1,267500,INTARIAN_PEPPER_ROOT,1,3,-3.0,-10.5
1,269000,ASH_COATED_OSMIUM,1,6,6.0,7.5
1,269600,ASH_COATED_OSMIUM,1,4,-4.0,-9.5
1,270600,ASH_COATED_OSMIUM,1,2,2.0,8.0
1,270700,INTARIAN_PEPPER_ROOT,1,6,6.0,7.0
1,272000,ASH_COATED_OSMIUM,1,5,5.0,10.5
1,273000,ASH_COATED_OSMIUM,1,6,6.0,9.5
1,274100,INTARIAN_PEPPER_ROOT,1,6,6.0,1.5
1,274300,INTARIAN_PEPPER_ROOT,1,8,0.0,0.0
1,275800,ASH_COATED_OSMIUM,1,4,4.0,9.5
1,281100,ASH_COATED_OSMIUM,1,2,-2.0,-8.0
1,282600,INTARIAN_PEPPER_ROOT,1,6,-6.0,-2.0
1,282700,ASH_COATED_OSMIUM,2,10,2.0,0.0
1,291600,ASH_COATED_OSMIUM,1,3,-3.0,-9.5
1,294100,INTARIAN_PEPPER_ROOT,1,3,3.0,7.0
1,295500,ASH_COATED_OSMIUM,1,8,8.0,8.0
1,297000,ASH_COATED_OSMIUM,1,9,9.0,8.0
1,297500,ASH_COATED_OSMIUM,1,3,3.0,5.0
1,299700,ASH_COATED_OSMIUM,1,2,-2.0,-9.0
1,300000,INTARIAN_PEPPER_ROOT,1,7,7.0,7.0
1,301400,INTARIAN_PEPPER_ROOT,1,7,7.0,7.5
1,301600,ASH_COATED_OSMIUM,1,9,-9.0,-8.0
1,306000,INTARIAN_PEPPER_ROOT,1,5,-5.0,-2.0
1,306200,ASH_COATED_OSMIUM,1,6,-6.0,-9.5
1,306500,ASH_COATED_OSMIUM,1,5,5.0,9.0
1,307600,ASH_COATED_OSMIUM,1,5,-5.0,-9.5
1,310000,ASH_COATED_OSMIUM,1,9,9.0,9.5
1,311100,ASH_COATED_OSMIUM,1,6,6.0,8.0
1,311200,INTARIAN_PEPPER_ROOT,1,3,-3.0,-1.5
1,311700,INTARIAN_PEPPER_ROOT,1,6,-6.0,-2.0
1,313300,ASH_COATED_OSMIUM,1,2,-2.0,-3.0
1,314400,INTARIAN_PEPPER_ROOT,1,6,6.0,9.0
1,321100,ASH_COATED_OSMIUM,1,6,6.0,9.5
1,323200,INTARIAN_PEPPER_ROOT,1,5,-5.0,-1.5
1,323500,ASH_COATED_OSMIUM,1,6,-6.0,-9.0
1,324800,ASH_COATED_OSMIUM,1,2,-2.0,-8.0
1,325200,ASH_COATED_OSMIUM,1,5,5.0,9.0
1,327400,INTARIAN_PEPPER_ROOT,1,6,-6.0,-7.5
1,327600,INTARIAN_PEPPER_ROOT,1,3,3.0,3.5
1,329000,ASH_COATED_OSMIUM,1,9,-9.0,-8.0
1,330000,ASH_COATED_OSMIUM,1,4,4.0,8.0
1,330800,ASH_COATED_OSMIUM,1,2,-2.0,-8.0
1,331500,INTARIAN_PEPPER_ROOT,1,3,-3.0,-9.0
1,331800,ASH_COATED_OSMIUM,1,8,8.0,9.5
1,332800,ASH_COATED_OSMIUM,1,5,5.0,9.5
1,334600,INTARIAN_PEPPER_ROOT,1,3,3.0,7.5
1,334900,INTARIAN_PEPPER_ROOT,1,3,-3.0,-7.0
1,335500,INTARIAN_PEPPER_ROOT,1,3,3.0,7.5
1,335800,ASH_COATED_OSMIUM,1,6,-6.0,-8.0
1,336200,ASH_COATED_OSMIUM,1,6,-6.0,-8.0
1,336400,ASH_COATED_OSMIUM,1,9,9.0,8.0
1,336700,INTARIAN_PEPPER_ROOT,1,6,6.0,7.0
1,337000,ASH_COATED_OSMIUM,1,4,-4.0,-8.0
1,337300,ASH_COATED_OSMIUM,1,7,-7.0,-8.0
1,337600,INTARIAN_PEPPER_ROOT,1,7,-7.0,-7.5
1,340900,ASH_COATED_OSMIUM,1,2,2.0,9.0
1,341400,ASH_COATED_OSMIUM,1,2,-2.0,-8.0
1,342400,ASH_COATED_OSMIUM,1,5,-5.0,-8.0
1,344000,INTARIAN_PEPPER_ROOT,1,3,3.0,1.0
1,344400,ASH_COATED_OSMIUM,1,4,-4.0,-9.5
1,346000,ASH_COATED_OSMIUM,1,3,-3.0,-8.0
1,346400,ASH_COATED_OSMIUM,1,4,-4.0,-5.0
1,349600,ASH_COATED_OSMIUM,1,4,4.0,9.5
1,350600,ASH_COATED_OSMIUM,1,5,5.0,8.0
1,351100,INTARIAN_PEPPER_ROOT,1,4,4.0,8.5
1,352000,ASH_COATED_OSMIUM,1,5,5.0,8.0
1,352100,INTARIAN_PEPPER_ROOT,1,7,-7.0,-7.0
1,352300,INTARIAN_PEPPER_ROOT,1,8,-8.0,-3.5
1,352700,INTARIAN_PEPPER_ROOT,1,6,6.0,7.0
1,353000,ASH_COATED_OSMIUM,1,5,-5.0,-8.0
1,354200,INTARIAN_PEPPER_ROOT,1,6,6.0,7.0
1,356700,ASH_COATED_OSMIUM,1,9,9.0,8.0
1,357700,ASH_COATED_OSMIUM,1,3,-3.0,-8.0
1,358200,INTARIAN_PEPPER_ROOT,1,3,-3.0,-7.0
1,358400,INTARIAN_PEPPER_ROOT,1,5,-5.0,-2.0
1,358600,ASH_COATED_OSMIUM,1,3,3.0,8.0
1,360000,INTARIAN_PEPPER_ROOT,1,7,-7.0,-1.5
1,361400,ASH_COATED_OSMIUM,1,6,-6.0,-8.0
1,361600,INTARIAN_PEPPER_ROOT,1,5,5.0,1.5
1,363400,ASH_COATED_OSMIUM,1,2,2.0,8.0
1,365400,INTARIAN_PEPPER_ROOT,1,7,7.0,3.0
1,365500,ASH_COATED_OSMIUM,1,3,-3.0,-8.0
1,367500,INTARIAN_PEPPER_ROOT,1,5,-5.0,-7.5
1,371100,INTARIAN_PEPPER_ROOT,1,4,4.0,7.0
1,371400,INTARIAN_PEPPER_ROOT,1,3,-3.0,-7.5
1,372300,INTARIAN_PEPPER_ROOT,1,6,6.0,3.0
1,374800,INTARIAN_PEPPER_ROOT,1,3,3.0,7.0
1,375500,ASH_COATED_OSMIUM,1,4,-4.0,-8.0
1,375600,ASH_COATED_OSMIUM,1,3,3.0,8.0
1,376700,INTARIAN_PEPPER_ROOT,1,7,7.0,1.0
1,377600,ASH_COATED_OSMIUM,1,4,-4.0,-9.0
1,380900,ASH_COATED_OSMIUM,1,8,-8.0,-9.0
1,381000,INTARIAN_PEPPER_ROOT,1,3,3.0,9.0
1,381200,ASH_COATED_OSMIUM,1,2,2.0,8.0
1,383000,ASH_COATED_OSMIUM,1,6,6.0,8.0
1,384200,ASH_COATED_OSMIUM,1,4,-4.0,-8.0
1,389800,ASH_COATED_OSMIUM,1,10,10.0,8.0
1,389900,ASH_COATED_OSMIUM,1,7,-7.0,-9.0
1,390400,ASH_COATED_OSMIUM,1,9,-9.0,-8.0
1,391300,ASH_COATED_OSMIUM,1,4,-4.0,-8.0
1,392500,ASH_COATED_OSMIUM,1,5,5.0,8.0
1,401000,INTARIAN_PEPPER_ROOT,1,8,8.0,1.0
1,401700,ASH_COATED_OSMIUM,1,9,9.0,8.0
1,402600,ASH_COATED_OSMIUM,1,5,-5.0,-8.0
1,405400,ASH_COATED_OSMIUM,1,2,0.0,0.0
1,407400,ASH_COATED_OSMIUM,1,8,8.0,8.0
1,412800,ASH_COATED_OSMIUM,1,4,-4.0,-9.0
1,414200,ASH_COATED_OSMIUM,1,6,6.0,8.0
1,415400,INTARIAN_PEPPER_ROOT,1,6,6.0,9.0
1,416000,ASH_COATED_OSMIUM,1,6,-6.0,-8.0
1,416300,ASH_COATED_OSMIUM,1,2,-2.0,-8.0
1,417300,INTARIAN_PEPPER_ROOT,1,5,5.0,7.5
1,419200,INTARIAN_PEPPER_ROOT,1,6,-6.0,-8.5
1,419400,INTARIAN_PEPPER_ROOT,1,4,4.0,7.5
1,420500,INTARIAN_PEPPER_ROOT,1,7,-7.0,-9.0
1,423500,INTARIAN_PEPPER_ROOT,1,6,-6.0,-9.0
1,424900,ASH_COATED_OSMIUM,1,6,-6.0,-9.5
1,425100,INTARIAN_PEPPER_ROOT,1,7,7.0,7.0
1,425200,ASH_COATED_OSMIUM,1,6,6.0,8.0
1,425800,ASH_COATED_OSMIUM,1,7,-7.0,-8.0
1,427800,INTARIAN_PEPPER_ROOT,1,7,-7.0,-7.0
1,430300,ASH_COATED_OSMIUM,1,4,4.0,8.0
1,432100,INTARIAN_PEPPER_ROOT,1,8,-8.0,-6.0
1,433000,ASH_COATED_OSMIUM,1,6,-6.0,-8.0
1,433700,ASH_COATED_OSMIUM,1,6,-6.0,-8.0
1,435600,ASH_COATED_OSMIUM,1,3,0.0,0.0
1,436100,INTARIAN_PEPPER_ROOT,1,5,-5.0,-1.5
1,437800,INTARIAN_PEPPER_ROOT,1,3,-3.0,-7.0
1,439100,ASH_COATED_OSMIUM,1,5,5.0,9.5
1,439800,ASH_COATED_OSMIUM,1,7,7.0,8.0
1,440500,ASH_COATED_OSMIUM,1,3,3.0,9.0
1,440900,ASH_COATED_OSMIUM,1,2,-2.0,-8.0
1,441000,INTARIAN_PEPPER_ROOT,1,4,-4.0,-7.0
1,441300,INTARIAN_PEPPER_ROOT,1,5,-5.0,-6.5
1,442300,ASH_COATED_OSMIUM,1,6,6.0,8.0
1,442700,ASH_COATED_OSMIUM,1,6,6.0,8.0
1,443200,ASH_COATED_OSMIUM,1,4,0.0,0.0
1,444200,ASH_COATED_OSMIUM,1,10,10.0,8.0
1,445000,ASH_COATED_OSMIUM,1,8,8.0,9.0
1,448000,INTARIAN_PEPPER_ROOT,1,5,5.0,7.0
1,449100,ASH_COATED_OSMIUM,1,8,-8.0,-8.0
1,451000,ASH_COATED_OSMIUM,1,5,-5.0,-8.0
1,452000,ASH_COATED_OSMIUM,1,5,-5.0,-8.0
1,452300,ASH_COATED_OSMIUM,1,7,0.0,0.0
1,453000,INTARIAN_PEPPER_ROOT,1,3,-3.0,-1.5
1,453400,ASH_COATED_OSMIUM,1,6,-6.0,-9.5
1,453700,ASH_COATED_OSMIUM,1,3,-3.0,-3.5
1,453800,INTARIAN_PEPPER_ROOT,1,7,7.0,3.0
1,456200,ASH_COATED_OSMIUM,1,4,4.0,8.0
1,456300,INTARIAN_PEPPER_ROOT,1,6,-6.0,-7.5
1,457200,INTARIAN_PEPPER_ROOT,1,6,-6.0,-7.0
1,457500,INTARIAN_PEPPER_ROOT,1,4,0.0,0.0
1,458600,ASH_COATED_OSMIUM,1,6,6.0,8.0
1,458900,INTARIAN_PEPPER_ROOT,1,7,7.0,9.0
1,459800,INTARIAN_PEPPER_ROOT,1,6,-6.0,-8.5
1,462100,INTARIAN_PEPPER_ROOT,1,5,5.0,7.0
1,464100,ASH_COATED_OSMIUM,1,6,6.0,8.0
1,464500,INTARIAN_PEPPER_ROOT,1,3,3.0,7.5
1,465700,ASH_COATED_OSMIUM,1,6,6.0,9.5
1,466000,INTARIAN_PEPPER_ROOT,1,3,3.0,1.0
1,467500,INTARIAN_PEPPER_ROOT,1,3,-3.0,-9.0
1,467800,ASH_COATED_OSMIUM,2,7,3.0,0.0
1,468100,ASH_COATED_OSMIUM,1,8,-8.0,-8.0
1,469200,INTARIAN_PEPPER_ROOT,1,6,-6.0,-7.0
1,471900,ASH_COATED_OSMIUM,1,6,6.0,8.0
1,472400,ASH_COATED_OSMIUM,1,3,-3.0,-8.0
1,473000,INTARIAN_PEPPER_ROOT,1,4,-4.0,-1.5
1,473800,INTARIAN_PEPPER_ROOT,1,5,-5.0,-7.0
1,474000,INTARIAN_PEPPER_ROOT,1,5,-5.0,-3.5
1,476600,ASH_COATED_OSMIUM,1,5,5.0,8.0
1,477200,ASH_COATED_OSMIUM,1,6,-6.0,-8.0
1,477800,INTARIAN_PEPPER_ROOT,1,5,5.0,7.0
1,478700,ASH_COATED_OSMIUM,1,3,-3.0,-9.0
1,478800,ASH_COATED_OSMIUM,1,6,-6.0,-7.5
1,479800,ASH_COATED_OSMIUM,1,2,-2.0,-8.0
1,480500,INTARIAN_PEPPER_ROOT,1,3,3.0,1.5
1,482300,INTARIAN_PEPPER_ROOT,1,5,-5.0,-7.5
1,482800,ASH_COATED_OSMIUM,1,5,-5.0,-10.5
1,482900,ASH_COATED_OSMIUM,1,5,-5.0,-8.0
1,486200,INTARIAN_PEPPER_ROOT,1,8,-8.0,-1.5
1,486700,INTARIAN_PEPPER_ROOT,1,8,8.0,3.0
1,487400,ASH_COATED_OSMIUM,1,3,3.0,8.0
1,487700,ASH_COATED_OSMIUM,1,4,-4.0,-9.0
1,487900,ASH_COATED_OSMIUM,1,5,-5.0,-8.0
1,489600,INTARIAN_PEPPER_ROOT,1,3,-3.0,-7.5
1,489700,ASH_COATED_OSMIUM,1,7,7.0,8.0
1,490500,INTARIAN_PEPPER_ROOT,1,5,-5.0,-7.5
1,494000,INTARIAN_PEPPER_ROOT,1,4,-4.0,-9.0
1,494500,ASH_COATED_OSMIUM,1,3,3.0,8.0
1,496000,INTARIAN_PEPPER_ROOT,1,4,-4.0,-7.0
1,498900,ASH_COATED_OSMIUM,1,8,-8.0,-9.5
1,500000,INTARIAN_PEPPER_ROOT,1,3,-3.0,-3.5
1,500200,ASH_COATED_OSMIUM,1,4,-4.0,-8.0
1,501300,INTARIAN_PEPPER_ROOT,1,7,-7.0,-2.0
1,502300,ASH_COATED_OSMIUM,1,4,-4.0,-8.0
1,502900,ASH_COATED_OSMIUM,1,2,2.0,8.0
1,503300,ASH_COATED_OSMIUM,1,3,3.0,8.0
1,503500,INTARIAN_PEPPER_ROOT,1,6,-6.0,-7.5
1,508000,INTARIAN_PEPPER_ROOT,1,3,-3.0,-9.0
1,509900,INTARIAN_PEPPER_ROOT,1,7,-7.0,-9.0
1,511200,ASH_COATED_OSMIUM,1,4,-4.0,-8.0
1,511700,ASH_COATED_OSMIUM,1,6,6.0,8.0
1,512700,ASH_COATED_OSMIUM,1,4,4.0,8.0
1,512800,ASH_COATED_OSMIUM,1,7,-7.0,-8.0
1,513000,INTARIAN_PEPPER_ROOT,1,5,5.0,7.0
1,514500,ASH_COATED_OSMIUM,1,5,-5.0,-8.0
1,516300,ASH_COATED_OSMIUM,1,5,5.0,8.0
1,517400,ASH_COATED_OSMIUM,1,5,5.0,9.0
1,519400,INTARIAN_PEPPER_ROOT,1,7,7.0,7.5
1,520900,INTARIAN_PEPPER_ROOT,1,5,-5.0,-9.0
1,521800,INTARIAN_PEPPER_ROOT,1,5,-5.0,-7.0
1,522000,ASH_COATED_OSMIUM,1,4,-4.0,-8.0
1,522700,ASH_COATED_OSMIUM,1,5,5.0,8.0
1,525900,ASH_COATED_OSMIUM,1,4,-4.0,-4.0
1,531800,INTARIAN_PEPPER_ROOT,1,4,-4.0,-7.0
1,532500,ASH_COATED_OSMIUM,1,3,-3.0,-9.5
1,536300,ASH_COATED_OSMIUM,1,6,-6.0,-9.0
1,536900,INTARIAN_PEPPER_ROOT,1,3,3.0,7.0
1,537400,ASH_COATED_OSMIUM,1,3,3.0,8.0
1,540100,INTARIAN_PEPPER_ROOT,1,6,-6.0,-7.0
1,540300,ASH_COATED_OSMIUM,1,2,2.0,8.0
1,545300,INTARIAN_PEPPER_ROOT,1,7,7.0,9.0
1,547300,ASH_COATED_OSMIUM,1,9,-9.0,-8.0
1,552900,ASH_COATED_OSMIUM,1,10,-10.0,-8.0
1,554400,ASH_COATED_OSMIUM,1,10,-10.0,-8.0
1,556200,INTARIAN_PEPPER_ROOT,1,3,-3.0,-7.0
1,556700,INTARIAN_PEPPER_ROOT,1,8,8.0,1.5
1,556900,ASH_COATED_OSMIUM,1,2,-2.0,-9.0
1,557000,INTARIAN_PEPPER_ROOT,1,3,3.0,7.0
1,557700,ASH_COATED_OSMIUM,1,8,-8.0,-8.0
1,560300,ASH_COATED_OSMIUM,1,6,6.0,8.0
1,561300,INTARIAN_PEPPER_ROOT,1,3,3.0,1.5
1,563900,ASH_COATED_OSMIUM,1,3,3.0,8.0
1,564900,INTARIAN_PEPPER_ROOT,1,6,6.0,3.0
1,566100,INTARIAN_PEPPER_ROOT,1,3,3.0,1.5
1,566600,ASH_COATED_OSMIUM,1,7,7.0,8.0
1,566900,INTARIAN_PEPPER_ROOT,1,3,-3.0,-9.0
1,567300,ASH_COATED_OSMIUM,1,10,-10.0,-9.5
1,570200,INTARIAN_PEPPER_ROOT,1,5,5.0,7.0
1,573200,ASH_COATED_OSMIUM,1,3,3.0,9.0
1,574100,ASH_COATED_OSMIUM,1,5,5.0,8.0
1,574200,ASH_COATED_OSMIUM,1,2,-2.0,-9.5
1,574500,ASH_COATED_OSMIUM,1,3,-3.0,-8.0
1,576600,INTARIAN_PEPPER_ROOT,1,5,5.0,7.5
1,579800,INTARIAN_PEPPER_ROOT,1,7,7.0,7.0
1,580300,INTARIAN_PEPPER_ROOT,1,7,-7.0,-7.5
1,581500,ASH_COATED_OSMIUM,1,2,2.0,9.5
1,582300,INTARIAN_PEPPER_ROOT,1,5,-5.0,-10.5
1,583900,ASH_COATED_OSMIUM,1,7,7.0,8.0
1,584000,ASH_COATED_OSMIUM,1,8,0.0,0.0
1,584400,INTARIAN_PEPPER_ROOT,1,4,4.0,9.0
1,585300,INTARIAN_PEPPER_ROOT,1,5,-5.0,-7.5
1,590300,ASH_COATED_OSMIUM,1,3,3.0,6.0
1,590400,INTARIAN_PEPPER_ROOT,1,3,3.0,9.0
1,592000,INTARIAN_PEPPER_ROOT,1,6,-6.0,-1.5
1,593800,INTARIAN_PEPPER_ROOT,1,3,3.0,7.0
1,595000,ASH_COATED_OSMIUM,1,2,2.0,8.0
1,600500,INTARIAN_PEPPER_ROOT,1,6,-6.0,-7.5
1,600600,ASH_COATED_OSMIUM,1,6,-6.0,-8.0
1,603100,ASH_COATED_OSMIUM,1,3,0.0,0.0
1,605900,INTARIAN_PEPPER_ROOT,1,3,-3.0,-9.0
1,607400,ASH_COATED_OSMIUM,1,3,-3.0,-9.0
1,607800,ASH_COATED_OSMIUM,1,5,5.0,8.0
1,610500,INTARIAN_PEPPER_ROOT,1,5,-5.0,-7.5
1,611600,ASH_COATED_OSMIUM,1,6,-6.0,-8.0
1,611900,ASH_COATED_OSMIUM,1,5,-5.0,-9.5
1,612000,ASH_COATED_OSMIUM,1,2,2.0,5.0
1,612300,INTARIAN_PEPPER_ROOT,1,8,8.0,3.0
1,615600,ASH_COATED_OSMIUM,1,5,5.0,8.0
1,620700,ASH_COATED_OSMIUM,1,8,8.0,8.0
1,622900,ASH_COATED_OSMIUM,1,4,4.0,9.0
1,623400,INTARIAN_PEPPER_ROOT,1,6,6.0,7.5
1,624500,ASH_COATED_OSMIUM,1,6,-6.0,-8.0
1,628900,ASH_COATED_OSMIUM,1,6,6.0,8.0
1,629200,INTARIAN_PEPPER_ROOT,1,4,-4.0,-1.5
1,631100,INTARIAN_PEPPER_ROOT,1,6,-6.0,-7.0
1,632300,ASH_COATED_OSMIUM,1,5,5.0,8.0
1,634200,ASH_COATED_OSMIUM,1,2,-2.0,-9.0
1,634500,INTARIAN_PEPPER_ROOT,1,6,6.0,9.0
1,636500,INTARIAN_PEPPER_ROOT,1,5,-5.0,-7.5
1,637100,INTARIAN_PEPPER_ROOT,1,6,6.0,7.0
1,639100,ASH_COATED_OSMIUM,1,8,8.0,8.0
1,639300,INTARIAN_PEPPER_ROOT,1,3,-3.0,-7.5
1,640000,INTARIAN_PEPPER_ROOT,1,4,-4.0,-7.0
1,640200,INTARIAN_PEPPER_ROOT,1,6,6.0,7.5
1,640600,ASH_COATED_OSMIUM,1,3,-3.0,-5.0
1,641500,INTARIAN_PEPPER_ROOT,1,5,-5.0,-2.0
1,642300,INTARIAN_PEPPER_ROOT,1,4,4.0,9.0
1,643100,ASH_COATED_OSMIUM,1,6,6.0,9.0
1,643100,INTARIAN_PEPPER_ROOT,1,5,-5.0,-11.0
1,644500,ASH_COATED_OSMIUM,1,6,6.0,5.5
1,645700,ASH_COATED_OSMIUM,1,8,8.0,8.0
1,645800,ASH_COATED_OSMIUM,1,2,0.0,0.0
1,646000,INTARIAN_PEPPER_ROOT,1,4,4.0,9.0
1,647700,ASH_COATED_OSMIUM,1,5,5.0,8.0
1,650800,ASH_COATED_OSMIUM,1,4,-4.0,-6.5
1,653900,ASH_COATED_OSMIUM,1,6,-6.0,-8.0
1,654800,ASH_COATED_OSMIUM,1,6,-6.0,-9.0
1,656300,ASH_COATED_OSMIUM,1,3,-3.0,-8.0
1,656600,INTARIAN_PEPPER_ROOT,1,6,6.0,9.0
1,656900,ASH_COATED_OSMIUM,1,10,-10.0,-8.0
1,658400,ASH_COATED_OSMIUM,2,12,6.0,0.0
1,660600,ASH_COATED_OSMIUM,1,4,4.0,9.0
1,660600,INTARIAN_PEPPER_ROOT,1,3,-3.0,-7.5
1,662600,INTARIAN_PEPPER_ROOT,1,6,-6.0,-3.5
1,666800,ASH_COATED_OSMIUM,1,4,-4.0,-8.0
1,667200,ASH_COATED_OSMIUM,1,5,-5.0,-8.0
1,668400,ASH_COATED_OSMIUM,1,2,2.0,8.0
1,668400,INTARIAN_PEPPER_ROOT,1,4,4.0,7.5
1,670000,INTARIAN_PEPPER_ROOT,1,7,0.0,0.0
1,672400,INTARIAN_PEPPER_ROOT,1,3,-3.0,-7.5
1,673600,ASH_COATED_OSMIUM,1,10,-10.0,-9.0
1,673600,INTARIAN_PEPPER_ROOT,1,6,-6.0,-2.0
1,677200,ASH_COATED_OSMIUM,1,4,-4.0,-9.0
1,677500,ASH_COATED_OSMIUM,1,2,-2.0,-8.0
1,677700,INTARIAN_PEPPER_ROOT,1,4,-4.0,-7.5
1,678000,INTARIAN_PEPPER_ROOT,1,3,-3.0,-7.0
1,679600,ASH_COATED_OSMIUM,1,5,5.0,9.0
1,681200,ASH_COATED_OSMIUM,1,9,9.0,8.0
1,681900,ASH_COATED_OSMIUM,1,3,-3.0,-5.0
1,681900,INTARIAN_PEPPER_ROOT,1,7,7.0,7.0
1,683100,INTARIAN_PEPPER_ROOT,1,4,4.0,9.0
1,683300,ASH_COATED_OSMIUM,1,4,4.0,9.0
1,685400,ASH_COATED_OSMIUM,1,7,7.0,9.5
1,687500,INTARIAN_PEPPER_ROOT,1,4,-4.0,-7.5
1,687700,INTARIAN_PEPPER_ROOT,1,7,7.0,1.5
1,688200,INTARIAN_PEPPER_ROOT,1,3,3.0,9.0
1,689500,ASH_COATED_OSMIUM,1,6,6.0,9.5
1,690100,INTARIAN_PEPPER_ROOT,1,6,6.0,7.0
1,690400,INTARIAN_PEPPER_ROOT,1,3,-3.0,-9.0
1,690500,INTARIAN_PEPPER_ROOT,1,3,3.0,9.0
1,690600,INTARIAN_PEPPER_ROOT,1,5,-5.0,-2.0
1,690700,ASH_COATED_OSMIUM,1,5,-5.0,-9.5
1,691200,ASH_COATED_OSMIUM,1,4,-4.0,-8.0
1,691800,INTARIAN_PEPPER_ROOT,1,7,-7.0,-9.5
1,692200,INTARIAN_PEPPER_ROOT,1,4,-4.0,-11.0
1,699900,ASH_COATED_OSMIUM,1,6,6.0,5.5
1,700100,ASH_COATED_OSMIUM,1,6,6.0,8.0
1,700700,ASH_COATED_OSMIUM,1,6,6.0,9.0
1,700800,ASH_COATED_OSMIUM,1,3,-3.0,-4.5
1,701000,INTARIAN_PEPPER_ROOT,1,4,4.0,1.0
1,702100,INTARIAN_PEPPER_ROOT,1,7,7.0,1.5
1,703000,INTARIAN_PEPPER_ROOT,1,5,-5.0,-7.0
1,703500,ASH_COATED_OSMIUM,1,4,0.0,0.0
1,704300,ASH_COATED_OSMIUM,1,2,0.0,0.0
1,705400,ASH_COATED_OSMIUM,1,7,-7.0,-8.0
1,708200,ASH_COATED_OSMIUM,1,5,-5.0,-8.0
1,708800,INTARIAN_PEPPER_ROOT,1,4,4.0,7.5
1,709100,ASH_COATED_OSMIUM,1,6,-6.0,-8.0
1,710200,ASH_COATED_OSMIUM,1,8,8.0,8.0
1,712500,ASH_COATED_OSMIUM,1,5,5.0,8.0
1,714900,ASH_COATED_OSMIUM,1,5,5.0,3.0
1,717400,INTARIAN_PEPPER_ROOT,1,4,4.0,7.5
1,720800,ASH_COATED_OSMIUM,1,4,0.0,0.0
1,722300,INTARIAN_PEPPER_ROOT,1,4,-4.0,-2.0
1,723500,ASH_COATED_OSMIUM,1,6,-6.0,-8.0
1,724700,INTARIAN_PEPPER_ROOT,1,4,0.0,0.0
1,725700,ASH_COATED_OSMIUM,1,8,-8.0,-10.5
1,726200,ASH_COATED_OSMIUM,1,5,-5.0,-9.0
1,727400,INTARIAN_PEPPER_ROOT,1,6,6.0,9.0
1,727600,INTARIAN_PEPPER_ROOT,1,3,3.0,7.5
1,728600,INTARIAN_PEPPER_ROOT,1,5,-5.0,-7.5
1,729100,ASH_COATED_OSMIUM,1,8,8.0,8.0
1,729700,ASH_COATED_OSMIUM,1,5,-5.0,-8.0
1,730400,ASH_COATED_OSMIUM,1,6,6.0,8.0
1,730900,ASH_COATED_OSMIUM,1,5,-5.0,-9.0
1,731200,ASH_COATED_OSMIUM,1,9,9.0,8.0
1,733700,INTARIAN_PEPPER_ROOT,1,3,3.0,7.5
1,734900,ASH_COATED_OSMIUM,1,5,-5.0,-8.0
1,735200,ASH_COATED_OSMIUM,1,5,5.0,10.5
1,736900,ASH_COATED_OSMIUM,1,5,5.0,8.0
1,737500,INTARIAN_PEPPER_ROOT,1,3,-3.0,-2.0
1,739500,ASH_COATED_OSMIUM,1,10,0.0,0.0
1,739600,ASH_COATED_OSMIUM,1,6,6.0,8.0
1,742000,ASH_COATED_OSMIUM,1,5,5.0,9.5
1,742000,INTARIAN_PEPPER_ROOT,1,8,8.0,1.0
1,743900,ASH_COATED_OSMIUM,1,4,-4.0,-9.0
1,745600,ASH_COATED_OSMIUM,1,6,-6.0,-8.0
1,746100,ASH_COATED_OSMIUM,2,12,4.0,0.0
1,750600,ASH_COATED_OSMIUM,1,5,5.0,3.0
1,752300,ASH_COATED_OSMIUM,1,4,4.0,8.0
1,753100,INTARIAN_PEPPER_ROOT,1,7,7.0,11.0
1,754100,ASH_COATED_OSMIUM,1,4,4.0,8.0
1,754400,ASH_COATED_OSMIUM,1,5,5.0,8.0
1,755700,INTARIAN_PEPPER_ROOT,1,7,-7.0,-7.5
1,755900,ASH_COATED_OSMIUM,1,4,4.0,8.0
1,755900,INTARIAN_PEPPER_ROOT,1,3,3.0,7.0
1,756600,ASH_COATED_OSMIUM,2,11,-11.0,-8.0
1,756900,ASH_COATED_OSMIUM,1,5,-5.0,-8.0
1,757200,ASH_COATED_OSMIUM,1,9,-9.0,-9.5
1,758700,ASH_COATED_OSMIUM,1,6,-6.0,-8.0
1,763200,INTARIAN_PEPPER_ROOT,1,4,4.0,9.0
1,763800,INTARIAN_PEPPER_ROOT,1,6,6.0,7.5
1,763900,ASH_COATED_OSMIUM,1,8,-8.0,-9.0
1,764100,ASH_COATED_OSMIUM,1,6,-6.0,-8.0
1,764500,INTARIAN_PEPPER_ROOT,1,5,-5.0,-7.5
1,766000,INTARIAN_PEPPER_ROOT,1,4,-4.0,-1.5
1,770300,INTARIAN_PEPPER_ROOT,1,4,0.0,0.0
1,771800,INTARIAN_PEPPER_ROOT,1,6,-6.0,-2.0
1,775000,ASH_COATED_OSMIUM,1,4,4.0,2.5
1,775500,INTARIAN_PEPPER_ROOT,1,7,-7.0,-2.0
1,777200,ASH_COATED_OSMIUM,1,10,10.0,8.0
1,777200,INTARIAN_PEPPER_ROOT,1,5,-5.0,-7.5
1,780300,ASH_COATED_OSMIUM,1,2,2.0,8.0
1,781100,INTARIAN_PEPPER_ROOT,1,7,-7.0,-1.5
1,782500,ASH_COATED_OSMIUM,1,7,7.0,8.0
1,783500,INTARIAN_PEPPER_ROOT,1,4,-4.0,-7.5
1,785300,INTARIAN_PEPPER_ROOT,1,3,-3.0,-9.5
1,787000,INTARIAN_PEPPER_ROOT,1,6,-6.0,-1.5
1,787500,INTARIAN_PEPPER_ROOT,1,4,-4.0,-7.5
1,788000,ASH_COATED_OSMIUM,1,5,5.0,8.0
1,789900,ASH_COATED_OSMIUM,1,2,-2.0,-9.5
1,791700,INTARIAN_PEPPER_ROOT,1,6,0.0,0.0
1,792100,ASH_COATED_OSMIUM,1,5,-5.0,-4.5
1,793700,ASH_COATED_OSMIUM,1,10,10.0,8.0
1,793900,INTARIAN_PEPPER_ROOT,1,4,4.0,7.0
1,796100,INTARIAN_PEPPER_ROOT,1,5,-5.0,-1.5
1,796500,INTARIAN_PEPPER_ROOT,1,5,-5.0,-7.5
1,796600,INTARIAN_PEPPER_ROOT,1,7,-7.0,-3.5
1,796700,ASH_COATED_OSMIUM,1,4,-4.0,-9.5
1,798600,INTARIAN_PEPPER_ROOT,1,5,5.0,9.0
1,802000,ASH_COATED_OSMIUM,1,5,5.0,4.5
1,802400,ASH_COATED_OSMIUM,1,3,3.0,2.5
1,803100,ASH_COATED_OSMIUM,1,5,5.0,8.0
1,805400,ASH_COATED_OSMIUM,1,4,4.0,3.0
1,806200,ASH_COATED_OSMIUM,1,2,-2.0,-9.5
1,806300,INTARIAN_PEPPER_ROOT,1,7,-7.0,-9.5
1,806400,INTARIAN_PEPPER_ROOT,1,3,3.0,9.0
1,809500,ASH_COATED_OSMIUM,1,4,4.0,3.0
1,810900,ASH_COATED_OSMIUM,1,2,2.0,9.5
1,811900,INTARIAN_PEPPER_ROOT,1,6,-6.0,-7.5
1,813200,INTARIAN_PEPPER_ROOT,1,3,-3.0,-7.5
1,815800,ASH_COATED_OSMIUM,1,4,4.0,9.0
1,815900,INTARIAN_PEPPER_ROOT,1,3,-3.0,-1.5
1,821100,ASH_COATED_OSMIUM,1,8,8.0,8.0
1,823600,ASH_COATED_OSMIUM,1,6,6.0,8.0
1,825200,INTARIAN_PEPPER_ROOT,1,4,-4.0,-2.0
1,825700,INTARIAN_PEPPER_ROOT,1,6,-6.0,-4.0
1,829800,INTARIAN_PEPPER_ROOT,1,7,-7.0,-2.0
1,833100,ASH_COATED_OSMIUM,1,5,-5.0,-9.5
1,833300,INTARIAN_PEPPER_ROOT,1,7,-7.0,-9.5
1,833400,INTARIAN_PEPPER_ROOT,1,3,-3.0,-7.5
1,835700,ASH_COATED_OSMIUM,1,8,8.0,9.5
1,836800,ASH_COATED_OSMIUM,1,7,-7.0,-9.5
1,837300,INTARIAN_PEPPER_ROOT,1,3,3.0,7.5
1,839500,INTARIAN_PEPPER_ROOT,1,6,6.0,7.5
1,839900,ASH_COATED_OSMIUM,1,4,4.0,8.0
1,840900,INTARIAN_PEPPER_ROOT,1,8,8.0,1.5
1,841500,ASH_COATED_OSMIUM,1,6,-6.0,-8.0
1,842900,INTARIAN_PEPPER_ROOT,1,3,-3.0,-7.5
1,843200,ASH_COATED_OSMIUM,1,5,5.0,9.0
1,843500,ASH_COATED_OSMIUM,1,5,-5.0,-8.0
1,844300,INTARIAN_PEPPER_ROOT,1,7,-7.0,-2.0
1,844800,INTARIAN_PEPPER_ROOT,1,5,5.0,3.0
1,845400,INTARIAN_PEPPER_ROOT,1,7,7.0,1.5
1,845500,ASH_COATED_OSMIUM,1,3,3.0,8.0
1,845800,ASH_COATED_OSMIUM,1,3,3.0,8.0
1,846200,INTARIAN_PEPPER_ROOT,1,4,-4.0,-7.5
1,846700,INTARIAN_PEPPER_ROOT,1,6,6.0,7.5
1,847100,ASH_COATED_OSMIUM,1,2,2.0,8.0
1,847200,INTARIAN_PEPPER_ROOT,1,5,5.0,9.5
1,847500,ASH_COATED_OSMIUM,1,8,8.0,8.0
1,847700,ASH_COATED_OSMIUM,1,5,0.0,0.0
1,847800,ASH_COATED_OSMIUM,1,7,-7.0,-8.0
1,848300,ASH_COATED_OSMIUM,1,5,-5.0,-8.0
1,852000,ASH_COATED_OSMIUM,1,6,6.0,8.0
1,852500,ASH_COATED_OSMIUM,1,3,-3.0,-9.5
1,852700,ASH_COATED_OSMIUM,1,3,-3.0,-8.0
1,854300,INTARIAN_PEPPER_ROOT,1,3,3.0,7.5
1,857700,INTARIAN_PEPPER_ROOT,1,4,-4.0,-7.5
1,858500,INTARIAN_PEPPER_ROOT,1,6,-6.0,-7.5
1,859900,ASH_COATED_OSMIUM,1,4,-4.0,-8.0
1,861900,INTARIAN_PEPPER_ROOT,1,7,-7.0,-7.5
1,862000,ASH_COATED_OSMIUM,1,2,2.0,8.0
1,864800,ASH_COATED_OSMIUM,1,8,8.0,8.0
1,865000,ASH_COATED_OSMIUM,1,6,-6.0,-8.0
1,868000,ASH_COATED_OSMIUM,1,3,-3.0,-8.0
1,870000,INTARIAN_PEPPER_ROOT,1,7,7.0,7.0
1,871100,ASH_COATED_OSMIUM,1,5,5.0,9.5
1,871700,ASH_COATED_OSMIUM,1,2,-2.0,-8.0
1,871900,ASH_COATED_OSMIUM,1,2,2.0,8.0
1,874400,ASH_COATED_OSMIUM,1,5,-5.0,-8.0
1,875400,ASH_COATED_OSMIUM,1,5,-5.0,-8.0
1,875800,INTARIAN_PEPPER_ROOT,1,3,-3.0,-7.5
1,877900,ASH_COATED_OSMIUM,1,7,-7.0,-8.0
1,878000,INTARIAN_PEPPER_ROOT,1,4,4.0,3.0
1,878400,ASH_COATED_OSMIUM,1,5,5.0,8.0
1,881000,ASH_COATED_OSMIUM,1,4,-4.0,-9.5
1,881200,INTARIAN_PEPPER_ROOT,1,4,-4.0,-2.0
1,883700,INTARIAN_PEPPER_ROOT,1,5,-5.0,-7.5
1,886000,INTARIAN_PEPPER_ROOT,1,3,-3.0,-1.5
1,887000,INTARIAN_PEPPER_ROOT,1,4,-4.0,-1.5
1,887700,ASH_COATED_OSMIUM,1,6,6.0,8.0
1,887900,INTARIAN_PEPPER_ROOT,1,4,-4.0,-7.5
1,889300,INTARIAN_PEPPER_ROOT,1,4,4.0,7.5
1,891200,INTARIAN_PEPPER_ROOT,1,7,7.0,7.5
1,892900,ASH_COATED_OSMIUM,1,8,8.0,8.0
1,893400,ASH_COATED_OSMIUM,1,4,-4.0,-8.0
1,898100,INTARIAN_PEPPER_ROOT,1,8,8.0,1.0
1,899200,ASH_COATED_OSMIUM,1,5,5.0,8.0
1,899500,INTARIAN_PEPPER_ROOT,1,6,6.0,7.5
1,901500,ASH_COATED_OSMIUM,1,8,8.0,3.0
1,902100,ASH_COATED_OSMIUM,1,3,-3.0,-9.0
1,904900,ASH_COATED_OSMIUM,1,3,3.0,8.0
1,905000,ASH_COATED_OSMIUM,1,10,-10.0,-9.5
1,905300,ASH_COATED_OSMIUM,1,4,-4.0,-9.0
1,907600,INTARIAN_PEPPER_ROOT,1,6,6.0,7.5
1,907700,INTARIAN_PEPPER_ROOT,1,7,7.0,9.5
1,909600,ASH_COATED_OSMIUM,1,4,-4.0,-9.0
1,909900,ASH_COATED_OSMIUM,1,8,8.0,8.0
1,911000,INTARIAN_PEPPER_ROOT,1,5,-5.0,-7.0
1,911400,ASH_COATED_OSMIUM,1,2,2.0,8.0
1,912600,ASH_COATED_OSMIUM,1,3,3.0,9.5
1,912600,INTARIAN_PEPPER_ROOT,1,7,7.0,7.5
1,914900,INTARIAN_PEPPER_ROOT,1,5,5.0,11.0
1,917900,ASH_COATED_OSMIUM,1,5,5.0,8.0
1,918600,INTARIAN_PEPPER_ROOT,1,7,7.0,9.0
1,919200,ASH_COATED_OSMIUM,1,3,-3.0,-8.0
1,920500,INTARIAN_PEPPER_ROOT,1,4,4.0,7.5
1,920900,ASH_COATED_OSMIUM,1,3,3.0,8.0
1,921100,INTARIAN_PEPPER_ROOT,1,5,5.0,7.5
1,921200,ASH_COATED_OSMIUM,1,10,10.0,8.0
1,922700,INTARIAN_PEPPER_ROOT,1,3,3.0,7.5
1,922800,INTARIAN_PEPPER_ROOT,1,7,-7.0,-7.5
1,923700,ASH_COATED_OSMIUM,1,3,-3.0,-8.0
1,923800,ASH_COATED_OSMIUM,1,4,-4.0,-3.5
1,927200,INTARIAN_PEPPER_ROOT,1,3,-3.0,-2.0
1,928500,ASH_COATED_OSMIUM,1,3,-3.0,-8.0
1,929100,ASH_COATED_OSMIUM,1,4,-4.0,-8.0
1,929700,ASH_COATED_OSMIUM,1,2,2.0,8.0
1,929900,INTARIAN_PEPPER_ROOT,1,7,-7.0,-1.5
1,931000,ASH_COATED_OSMIUM,1,5,-5.0,-5.0
1,932600,ASH_COATED_OSMIUM,1,10,10.0,9.0
1,933700,INTARIAN_PEPPER_ROOT,1,6,0.0,0.0
1,934300,ASH_COATED_OSMIUM,1,3,3.0,8.0
1,935900,ASH_COATED_OSMIUM,1,8,-8.0,-8.0
1,936600,INTARIAN_PEPPER_ROOT,1,8,8.0,3.0
1,938100,INTARIAN_PEPPER_ROOT,1,6,-6.0,-9.5
1,939100,ASH_COATED_OSMIUM,1,2,2.0,9.0
1,939500,ASH_COATED_OSMIUM,1,9,9.0,8.0
1,939600,ASH_COATED_OSMIUM,1,6,6.0,8.0
1,942700,INTARIAN_PEPPER_ROOT,1,3,3.0,3.0
1,946100,ASH_COATED_OSMIUM,1,10,-10.0,-8.0
1,947900,INTARIAN_PEPPER_ROOT,1,5,5.0,1.5
1,948000,INTARIAN_PEPPER_ROOT,1,6,-6.0,-7.0
1,948200,INTARIAN_PEPPER_ROOT,1,6,6.0,7.5
1,948400,ASH_COATED_OSMIUM,1,7,7.0,9.0
1,949600,ASH_COATED_OSMIUM,1,2,2.0,8.0
1,949900,INTARIAN_PEPPER_ROOT,1,4,4.0,7.5
1,956600,ASH_COATED_OSMIUM,1,3,-3.0,-8.0
1,958100,INTARIAN_PEPPER_ROOT,1,6,6.0,9.0
1,959100,INTARIAN_PEPPER_ROOT,1,3,-3.0,-2.0
1,960400,ASH_COATED_OSMIUM,1,4,-4.0,-8.0
1,964400,ASH_COATED_OSMIUM,1,3,3.0,10.5
1,965000,INTARIAN_PEPPER_ROOT,1,7,-7.0,-7.0
1,965600,INTARIAN_PEPPER_ROOT,1,5,-5.0,-7.5
1,966200,INTARIAN_PEPPER_ROOT,1,5,-5.0,-7.5
1,971300,ASH_COATED_OSMIUM,1,5,5.0,9.0
1,973900,INTARIAN_PEPPER_ROOT,1,5,5.0,7.5
1,974600,INTARIAN_PEPPER_ROOT,1,7,-7.0,-11.0
1,975000,ASH_COATED_OSMIUM,1,4,4.0,10.5
1,975500,ASH_COATED_OSMIUM,1,2,-2.0,-8.0
1,975900,ASH_COATED_OSMIUM,1,3,3.0,9.0
1,976500,ASH_COATED_OSMIUM,1,6,-6.0,-9.0
1,976500,INTARIAN_PEPPER_ROOT,1,5,5.0,9.0
1,976900,INTARIAN_PEPPER_ROOT,1,3,3.0,7.5
1,977200,INTARIAN_PEPPER_ROOT,1,5,5.0,1.5
1,978400,INTARIAN_PEPPER_ROOT,1,6,6.0,2.0
1,978600,ASH_COATED_OSMIUM,1,3,-3.0,-8.0
1,981200,ASH_COATED_OSMIUM,1,5,5.0,8.0
1,981200,INTARIAN_PEPPER_ROOT,1,3,3.0,1.5
1,983000,INTARIAN_PEPPER_ROOT,1,6,-6.0,-7.0
1,984500,ASH_COATED_OSMIUM,1,4,4.0,2.5
1,985700,ASH_COATED_OSMIUM,1,3,-3.0,-3.5
1,986600,ASH_COATED_OSMIUM,1,3,3.0,8.0
1,986800,ASH_COATED_OSMIUM,1,6,-6.0,-8.0
1,987500,ASH_COATED_OSMIUM,1,6,6.0,9.5
1,987600,INTARIAN_PEPPER_ROOT,1,3,-3.0,-9.0
1,989300,ASH_COATED_OSMIUM,1,2,-2.0,-8.0
1,989900,INTARIAN_PEPPER_ROOT,1,4,-4.0,-9.5
1,991100,INTARIAN_PEPPER_ROOT,1,6,-6.0,-7.5
1,991400,ASH_COATED_OSMIUM,1,9,-9.0,-8.0
1,993300,ASH_COATED_OSMIUM,1,5,-5.0,-8.0
1,994400,INTARIAN_PEPPER_ROOT,1,3,-3.0,-7.5
1,995100,INTARIAN_PEPPER_ROOT,1,7,-7.0,-2.0
1,995600,ASH_COATED_OSMIUM,1,6,6.0,8.0
1,997200,ASH_COATED_OSMIUM,1,4,-4.0,-8.0
